age,Income,children,total_spent,spent_wines,spent_fruits,spent_meat,spent_fish,spent_sweets,spent_others
57,58138,0,1617,635,88,546,172,88,88
60,46344,2,27,11,1,6,2,1,6
49,71613,0,776,426,49,127,111,21,42
30,26646,1,53,11,4,20,10,3,5
33,58293,1,422,173,43,118,46,27,15
47,62513,1,716,520,42,98,0,42,14
43,55635,1,590,235,65,164,50,49,27
29,33454,1,169,76,10,56,3,1,23
40,30351,1,46,14,0,24,3,3,2
64,5648,2,49,28,0,6,1,1,13
38,7500,0,61,6,16,11,11,1,16
55,63033,0,1102,194,61,480,225,112,30
62,59354,2,310,233,2,53,3,5,14
27,17323,0,46,3,14,17,6,1,5
68,82800,0,1315,1006,22,115,59,68,45
34,41850,2,96,53,5,19,2,13,4
68,37760,0,317,84,5,38,150,12,28
65,76995,1,1782,1012,80,498,0,16,176
29,33812,1,133,4,17,19,30,24,39
32,37040,0,316,86,2,73,69,38,48
65,58607,1,972,867,0,86,0,0,19
60,65324,1,544,384,0,102,21,32,5
63,40689,1,444,270,3,27,39,6,99
45,18589,0,75,6,4,25,15,12,13
38,53359,2,257,173,4,30,3,6,41
25,38360,1,131,36,2,42,20,21,10
49,84618,0,1672,684,100,801,21,66,0
25,10979,0,30,8,4,10,2,2,4
51,38620,0,318,112,17,44,34,22,89
44,40548,1,120,110,0,5,2,0,3
62,46610,2,302,96,12,96,33,22,43
68,68657,0,1196,482,34,471,119,68,22
63,49389,2,65,40,0,19,2,1,3
44,67353,1,913,702,17,151,0,8,35
38,23718,1,81,6,3,14,15,7,36
41,42429,1,67,55,0,6,2,0,4
71,48948,0,902,437,8,206,160,49,42
34,80011,1,1395,421,76,536,82,178,102
29,20559,1,53,13,1,29,3,0,7
57,21994,1,22,9,0,6,3,1,3
39,7500,1,31,3,1,10,3,2,12
38,79941,0,984,123,164,266,227,30,174
18,7500,0,122,3,18,14,15,22,50
46,41728,1,55,13,6,15,3,5,13
60,72550,2,1319,826,50,317,50,38,38
57,65486,1,507,245,19,125,37,67,14
50,79143,0,1693,650,37,780,27,167,32
37,35790,1,72,12,6,20,30,1,3
37,82582,0,1617,510,120,550,156,40,241
36,66373,2,606,328,9,124,12,24,109
59,82384,0,1957,984,51,432,180,120,190
48,70287,0,1093,295,35,482,121,120,40
26,27938,1,29,13,0,8,2,1,5
46,55954,1,518,447,0,28,0,0,43
32,75777,0,1438,712,26,538,69,13,80
39,66653,2,612,452,18,102,16,18,6
62,61823,1,884,523,7,134,37,14,169
63,67680,1,606,546,0,48,0,6,6
66,70666,0,1076,398,40,367,119,122,30
43,25721,1,34,1,3,6,3,6,15
47,32474,2,11,10,0,1,0,0,0
35,88194,1,1274,688,14,309,201,24,38
56,69096,1,653,247,49,159,7,82,109
60,66991,0,1253,496,36,460,189,60,12
55,65031,1,863,258,107,291,84,37,86
39,60631,2,661,565,6,65,0,6,19
62,28332,0,65,14,10,13,4,15,9
37,40246,1,13,2,1,6,2,1,1
42,75251,0,1890,721,111,925,97,18,18
38,75825,0,2209,1032,105,779,137,105,51
38,26326,0,18,1,0,5,0,3,9
49,56046,0,692,577,0,64,0,0,51
29,29760,1,165,64,4,68,7,5,17
45,26304,1,16,4,1,5,2,0,4
41,23559,1,79,25,5,19,7,0,23
51,38620,0,318,112,17,44,34,22,89
27,81361,0,778,163,23,424,27,65,76
54,29440,2,56,17,8,14,10,4,3
44,36138,2,151,130,0,16,0,0,5
57,50388,1,372,292,6,37,0,3,34
41,79593,0,1366,350,60,568,110,133,145
47,54178,1,194,135,9,39,4,0,7
42,42394,1,32,15,2,10,0,1,4
44,23626,1,43,27,2,14,0,0,0
31,30096,1,45,5,3,11,12,5,9
54,47916,1,606,505,0,26,0,0,75
42,51813,2,63,51,2,7,0,1,2
63,78497,0,978,207,26,447,75,0,223
31,50150,0,410,135,46,92,65,61,11
54,47823,1,72,53,1,5,2,1,10
55,34554,1,55,41,1,6,2,0,5
35,85693,1,1169,386,172,183,185,132,111
69,65846,0,1120,562,81,276,80,40,81
55,87195,0,1097,217,76,690,50,26,38
35,24594,1,29,1,3,6,10,0,9
50,49096,2,187,144,1,32,2,1,7
45,52413,2,910,295,106,271,75,98,65
36,38557,1,145,76,3,31,4,4,27
54,89058,0,850,454,194,106,31,22,43
35,77298,1,969,425,115,292,23,35,79
23,68126,0,1820,1332,17,311,23,51,86
51,57288,1,608,527,0,21,0,0,60
23,86037,0,730,490,44,125,29,20,22
34,43974,1,551,378,0,101,0,0,72
52,50785,2,114,64,1,21,0,1,27
44,90765,0,1724,547,99,812,151,82,33
36,36550,1,577,47,90,94,123,103,120
47,30753,2,81,12,5,25,0,9,30
45,21918,1,33,1,6,7,11,5,3
61,56129,1,660,320,48,133,39,72,48
47,32557,1,80,34,3,29,0,4,10
29,19510,2,30,9,0,7,3,4,7
38,30992,1,43,17,0,14,7,3,2
31,101970,0,1135,722,27,102,44,72,168
49,71488,0,559,162,33,124,40,28,172
30,79607,0,1923,450,133,951,173,0,216
61,54348,2,90,70,0,16,0,0,4
58,77376,2,661,492,19,110,16,12,12
62,62998,1,463,120,58,73,65,89,58
56,61331,2,632,534,5,47,0,5,41
45,73448,0,725,236,106,189,23,41,130
50,41551,2,279,220,0,33,3,0,23
47,62981,0,1482,796,14,590,38,44,0
38,9548,1,29,0,1,3,10,6,9
55,33762,3,106,53,1,34,2,0,16
41,35860,2,49,15,0,8,4,2,20
49,36921,2,38,17,1,12,3,1,4
22,92859,0,2077,962,61,921,52,61,20
38,65104,1,1053,738,0,232,13,20,50
52,86111,0,1385,399,28,756,36,40,126
40,68352,1,871,614,16,132,43,33,33
26,41883,1,312,32,34,41,73,16,116
38,59809,2,877,598,16,141,32,41,49
39,23957,1,68,2,1,18,20,11,16
33,38547,1,22,6,1,10,0,1,4
41,35688,3,211,73,3,90,12,1,32
48,49605,0,127,42,16,29,12,20,8
61,59354,2,459,295,21,78,39,13,13
45,65747,1,460,346,17,48,23,13,13
42,46344,1,429,233,20,57,8,20,91
26,34176,1,89,5,7,24,19,14,20
62,61010,1,1021,888,0,57,0,0,76
65,69372,0,1381,997,26,269,34,13,42
56,49967,1,306,212,6,69,4,12,3
36,60199,3,18,8,1,7,2,0,0
37,55375,1,162,42,11,57,10,28,14
59,80317,0,1231,536,11,387,149,91,57
56,30523,3,13,5,0,3,0,0,5
69,70356,0,1706,1349,16,249,43,16,33
30,23228,1,121,53,3,49,7,4,5
39,74165,0,1293,1001,12,240,16,12,12
48,43482,3,88,18,1,32,6,3,28
61,62551,0,421,125,16,98,134,21,27
55,52332,0,259,212,5,33,7,0,2
26,66951,0,1117,277,162,305,173,76,124
57,26091,2,89,15,10,19,8,17,20
49,33456,2,36,7,3,10,8,1,7
32,28718,1,57,12,4,6,11,8,16
44,50447,2,148,85,7,24,2,3,27
55,53537,2,93,81,0,6,0,0,6
47,52074,1,119,59,0,12,0,0,48
39,80427,1,1835,1149,71,449,69,71,26
66,83837,0,1318,847,66,119,86,89,111
44,38853,2,45,29,0,14,0,0,2
55,38285,3,10,2,0,5,2,0,1
63,78497,0,978,207,26,447,75,0,223
38,51650,1,191,152,3,22,2,5,7
26,16248,1,57,12,11,10,3,12,9
68,66835,0,1033,620,26,195,34,17,141
30,30477,1,66,47,1,6,0,0,12
53,28249,0,43,1,9,7,2,14,10
31,25271,1,50,10,1,18,10,4,7
44,32303,1,39,35,0,2,0,0,2
48,61286,1,608,356,0,107,19,9,117
38,74068,0,1581,783,30,537,140,76,15
50,45759,2,68,42,1,18,3,0,4
36,24882,1,80,1,4,10,29,0,36
25,66973,0,1282,466,22,432,147,113,102
26,38872,1,91,23,3,21,3,19,22
41,51148,2,315,235,6,45,8,9,12
37,31353,2,31,10,0,10,3,1,7
34,69661,0,834,656,16,106,32,16,8
60,80067,0,1600,519,17,813,27,173,51
60,86718,0,1270,344,189,482,50,33,172
41,46854,2,263,96,1,79,7,1,79
62,69142,1,535,448,4,34,6,4,39
46,75922,0,1295,265,138,553,224,23,92
36,63693,1,1150,587,43,337,42,87,54
37,102160,0,1240,763,29,138,76,176,58
49,40637,2,38,22,0,13,0,0,3
30,18890,0,35,6,4,1,7,2,15
26,29604,1,53,7,6,13,7,6,14
51,48721,2,293,81,18,113,47,13,21
48,44794,1,65,54,0,7,0,0,4
60,64497,1,1804,1170,48,320,42,32,192
58,46097,1,241,72,24,68,65,4,8
60,77972,0,1101,613,22,319,33,102,12
46,44377,2,264,224,0,30,0,0,10
40,46014,2,541,410,0,59,19,9,44
29,70951,0,1198,239,10,554,254,87,54
37,41443,1,482,171,7,171,25,19,89
36,52195,3,17,12,0,4,0,0,1
66,83790,0,1615,1076,16,417,42,48,16
60,44551,1,285,182,4,33,0,0,66
34,69508,1,1135,824,32,162,42,32,43
26,45204,1,114,30,11,25,29,1,18
45,72460,0,1047,377,10,540,80,30,10
44,77622,2,714,520,7,154,19,0,14
34,30732,1,185,155,1,25,0,1,3
52,63887,1,1245,897,23,207,15,11,92
36,42011,1,189,131,0,16,2,1,39
38,51369,1,576,297,7,79,0,11,182
62,51537,1,1103,787,20,204,0,0,92
42,79930,0,1753,792,86,740,67,51,17
28,34320,1,17,4,1,9,3,0,0
48,37070,2,433,231,7,137,4,15,39
52,81975,1,1588,983,76,184,180,138,27
43,38590,1,22,3,1,8,4,3,3
63,15033,0,19,0,4,5,6,0,4
49,62745,1,1117,562,21,464,28,10,32
39,22212,1,69,5,9,20,6,8,21
32,23661,1,23,18,0,4,0,0,1
56,79761,1,605,415,5,124,15,35,11
41,7500,1,57,5,3,10,12,7,20
46,73455,0,2088,901,61,757,186,163,20
56,64961,1,1009,382,114,276,75,124,38
43,22804,1,26,14,1,7,2,1,1
24,73687,0,1627,559,153,503,218,13,181
56,61074,1,1102,789,0,133,0,28,152
50,31686,2,17,11,0,5,0,0,1
42,80134,1,1690,1218,16,272,104,0,80
61,75027,1,1390,925,64,179,133,12,77
26,67546,0,2126,864,134,768,150,38,172
45,65176,1,1531,960,28,183,220,70,70
39,31160,1,64,16,3,25,6,1,13
29,29938,1,26,3,3,7,0,2,11
40,102692,0,1112,168,148,444,32,172,148
56,26490,0,210,45,47,52,21,20,25
47,75702,2,1148,650,28,353,45,42,30
40,30899,1,33,24,0,8,0,0,1
53,63342,1,1101,918,21,118,13,10,21
50,45989,1,322,138,33,87,28,24,12
50,18701,2,44,12,4,2,10,6,10
57,40737,3,17,11,0,4,0,0,2
35,15287,1,31,1,2,8,4,3,13
46,69674,2,845,554,41,215,11,0,24
44,44159,1,275,167,2,62,24,13,7
36,37717,1,25,9,0,6,4,1,5
62,43776,2,275,177,2,71,3,2,20
48,38179,2,90,38,4,22,4,2,20
51,80124,0,1495,483,84,398,205,84,241
44,38097,2,184,77,2,35,0,1,69
44,72940,0,981,182,74,298,162,149,116
44,22070,1,67,10,7,19,8,2,21
61,69267,0,1635,778,44,499,95,73,146
31,31788,1,60,16,7,23,0,8,6
39,61905,1,231,167,0,43,6,2,13
54,29315,2,48,13,2,14,8,7,4
51,33378,2,99,33,6,40,3,7,10
51,66313,1,770,625,7,99,10,22,7
58,60714,0,957,216,162,224,101,92,162
33,77882,0,818,68,129,396,188,22,15
28,69867,0,925,196,0,512,33,130,54
46,63841,1,908,635,15,100,20,7,131
33,24480,1,102,4,19,9,28,25,17
38,51369,1,576,297,7,79,0,11,182
68,37760,0,317,84,5,38,150,12,28
40,65640,1,461,204,7,149,20,15,66
39,44319,2,37,26,0,8,0,0,3
40,30631,1,70,15,6,20,4,5,20
62,75278,0,930,304,98,230,150,74,74
58,50898,2,859,285,28,242,55,114,135
48,79946,0,1478,395,183,565,166,141,28
65,35416,0,390,248,3,81,4,3,51
30,32414,0,52,20,6,5,0,9,12
45,38361,1,137,39,0,56,20,8,14
34,82497,0,1919,777,129,573,216,21,203
43,16626,2,68,8,3,22,21,1,13
49,29672,2,25,9,1,3,0,4,8
62,55951,1,1374,1241,0,80,0,13,40
26,35388,1,32,6,4,7,4,3,8
28,42386,1,100,65,4,16,0,4,11
32,68627,0,825,395,15,263,60,54,38
49,57912,1,916,801,0,80,0,0,35
56,35246,2,62,36,0,12,2,2,10
58,58821,1,728,513,14,154,19,0,28
36,46377,1,90,37,0,46,4,3,0
26,39747,1,273,80,15,93,20,13,52
30,23976,1,66,14,1,21,2,3,25
53,80950,0,1213,525,147,112,219,147,63
48,27038,0,107,1,26,25,17,23,15
67,77457,0,1157,675,11,400,15,45,11
50,64100,1,546,509,0,27,0,0,10
22,42670,0,241,154,2,46,20,4,15
38,12571,1,53,3,5,14,2,12,17
47,22574,3,37,25,0,8,2,0,2
38,70893,0,1508,768,44,561,77,44,14
48,54198,2,235,185,0,28,3,2,17
58,28839,2,32,24,0,7,0,0,1
42,40321,2,102,44,4,21,6,0,27
29,66503,1,401,91,64,128,65,3,50
63,30833,2,28,11,0,7,3,1,6
43,64795,1,680,412,5,119,38,29,77
40,34421,1,30,3,3,7,6,2,9
49,47025,2,20,16,0,3,0,0,1
53,64325,1,1307,731,60,353,78,12,73
61,40464,1,630,424,17,118,7,23,41
57,62187,0,1283,792,0,275,45,45,126
38,14849,1,65,21,2,28,3,2,9
30,27255,1,37,22,1,11,0,1,2
64,54432,3,38,33,0,5,0,0,0
28,29999,1,160,68,7,59,10,5,11
31,24072,1,23,9,1,6,3,0,4
25,33996,0,71,40,2,15,8,0,6
58,66334,1,1161,909,11,218,0,0,23
43,35178,1,59,23,1,13,2,2,18
31,22010,1,33,11,2,9,3,0,8
54,62204,2,946,317,46,247,151,46,139
46,75693,0,1442,797,153,293,72,97,30
42,30675,1,62,10,2,16,11,2,21
49,83003,0,1674,856,61,570,40,25,122
26,68655,0,1538,456,19,832,75,118,38
28,41411,0,139,37,32,38,11,3,18
45,55212,1,1182,1103,0,45,0,0,34
64,59292,1,507,378,14,68,19,14,14
41,27190,1,18,1,6,7,0,1,3
62,82623,0,940,204,34,204,172,153,173
49,44300,2,42,30,0,9,0,0,3
44,84835,0,1190,189,104,379,111,189,218
43,30372,2,44,15,0,12,7,3,7
38,33181,1,16,9,0,3,0,0,4
57,71113,1,835,495,33,255,11,33,8
28,71952,1,1443,656,80,455,52,107,93
48,69759,0,1029,452,20,514,13,30,0
40,72099,0,1188,546,91,410,119,0,22
38,60000,1,1277,1048,0,217,0,0,12
36,38643,2,49,22,2,14,0,1,10
59,50737,1,99,78,0,11,0,0,10
45,68462,0,1670,561,64,785,84,128,48
71,65073,0,900,629,17,177,69,0,8
66,46681,2,425,269,15,69,15,19,38
57,78618,0,2153,736,163,818,212,163,61
45,62187,1,636,512,0,83,0,0,41
36,28442,2,57,19,3,10,11,8,6
36,37717,1,25,9,0,6,4,1,5
47,51479,2,494,247,8,160,6,8,65
45,54803,1,693,404,0,92,28,27,142
54,79530,0,1348,333,0,815,129,42,29
38,31615,1,51,2,3,20,6,11,9
52,72025,0,1932,833,33,549,151,133,233
39,52614,1,990,789,0,142,12,9,38
30,35684,1,30,10,4,7,0,6,3
39,48178,2,254,159,4,45,6,2,38
44,29548,1,29,7,1,6,3,1,11
48,63810,1,1371,977,12,253,16,12,101
42,38578,2,73,38,4,22,3,3,3
39,46098,2,120,57,0,27,0,0,36
44,22585,0,81,3,9,15,13,2,39
25,30279,1,37,10,4,14,4,4,1
53,66426,1,1377,1043,24,97,32,24,157
45,30822,1,51,3,9,13,2,12,12
45,33581,2,17,11,0,5,0,0,1
29,19986,1,22,3,6,5,0,2,6
60,27421,0,324,43,12,96,78,40,55
41,35688,3,211,73,3,90,12,1,32
33,36143,1,19,12,0,1,0,0,6
43,10245,1,41,4,7,7,6,4,13
46,43795,1,492,314,11,53,4,3,107
54,63381,1,1005,571,50,142,33,50,159
65,38823,1,114,70,0,11,2,8,23
46,83664,2,1173,866,21,151,28,21,86
35,90300,0,1738,594,134,786,33,134,57
35,62499,1,222,140,4,61,0,13,4
21,74293,0,1127,375,152,335,93,91,81
68,51012,0,209,102,9,63,2,9,24
46,70777,1,787,554,35,113,0,7,78
23,68682,0,1598,919,0,505,99,30,45
43,43824,2,186,96,1,42,12,3,32
30,15345,1,47,5,2,16,3,2,19
27,23442,1,27,2,0,6,8,6,5
34,14515,1,96,6,4,9,6,36,35
58,31395,2,64,23,1,25,0,8,7
49,75276,0,1040,610,105,125,137,42,21
40,42373,2,163,67,5,61,3,8,19
54,30507,0,343,65,36,74,38,20,110
59,55521,3,446,416,0,26,0,0,4
49,48006,2,41,23,0,11,3,2,2
42,27213,1,70,19,3,26,10,9,3
43,65808,2,272,155,7,80,13,7,10
40,30351,1,46,14,0,24,3,3,2
51,50437,2,490,370,9,92,6,9,4
32,23616,1,79,4,22,11,3,7,32
38,53858,1,915,407,53,221,58,150,26
59,66465,1,1485,1200,0,204,38,29,14
27,46923,1,369,85,44,54,102,78,6
52,75072,1,1073,583,34,309,0,22,125
71,75865,0,1242,483,0,591,156,0,12
39,19789,1,78,2,5,9,28,6,28
20,80134,0,1378,966,26,282,52,26,26
33,91065,0,1474,822,114,108,179,137,114
43,49505,2,751,604,0,100,19,0,28
41,37401,1,48,19,3,19,3,1,3
31,30096,1,45,5,3,11,12,5,9
32,18492,1,10,2,2,2,2,1,1
40,82584,0,1435,1076,68,103,29,91,68
73,93027,0,2119,1285,42,716,55,0,21
61,48686,3,20,10,0,7,2,0,1
28,92910,0,1795,551,137,792,179,103,33
25,75433,1,1188,800,0,297,0,34,57
25,10404,1,43,2,2,11,10,6,12
46,61314,1,1008,378,0,189,97,172,172
53,84865,0,1688,1248,16,349,43,16,16
25,42387,1,684,235,0,235,19,4,191
47,67309,2,1082,515,47,181,149,95,95
50,75236,1,1068,438,66,400,12,38,114
44,30015,1,57,25,0,22,2,3,5
58,50943,1,46,31,0,7,2,0,6
48,67272,1,733,357,35,271,28,28,14
65,51529,1,467,400,4,35,6,0,22
43,32011,1,122,99,0,15,2,1,5
28,7500,1,36,1,11,5,4,6,9
25,28691,1,34,5,4,13,8,0,4
66,56223,1,156,77,28,31,16,0,4
68,18100,0,14,3,1,2,4,3,1
25,30279,1,37,10,4,14,4,4,1
40,20130,0,34,0,6,3,7,6,12
55,23295,0,20,0,0,1,2,12,5
42,42618,1,192,76,14,74,13,5,10
50,81246,0,1379,398,190,537,61,156,37
38,24027,1,48,14,7,11,11,0,5
61,55707,1,428,208,7,82,30,66,35
59,57959,1,868,430,16,322,43,24,33
45,56796,1,1001,656,38,161,62,47,37
43,36230,1,59,14,2,30,8,2,3
34,70829,2,431,141,70,106,72,19,23
38,65991,1,971,507,19,364,25,47,9
42,38988,3,348,164,24,103,12,3,42
48,89572,0,2059,606,24,974,197,194,64
30,42207,1,265,116,11,72,3,17,46
62,50300,1,270,143,15,60,24,23,5
32,66664,0,1289,398,96,447,220,96,32
50,60597,1,893,522,0,257,32,16,66
65,70165,0,926,161,0,253,199,191,122
56,50520,1,135,112,0,6,2,1,14
51,80124,0,1495,483,84,398,205,84,241
39,33183,1,120,7,5,39,17,15,37
45,66582,0,1288,789,25,420,16,38,0
59,75261,0,1743,1239,17,413,23,34,17
44,31880,1,15,4,1,5,2,0,3
63,53790,2,542,335,42,127,28,5,5
43,49269,1,890,639,8,166,11,8,58
39,61456,1,1388,563,76,384,84,192,89
34,37406,1,17,2,0,8,2,2,3
33,56937,1,906,746,8,125,11,8,8
36,38415,2,44,22,1,13,4,0,4
26,20518,1,25,4,1,6,4,1,9
58,62503,1,973,478,0,193,110,75,117
42,41644,2,31,20,3,4,2,0,2
37,55842,1,518,451,0,39,0,4,24
42,62010,1,530,371,22,39,6,0,92
37,41124,1,506,281,7,84,15,0,119
41,38961,1,70,19,7,19,0,1,24
42,37760,1,54,26,3,13,2,10,0
40,32233,1,296,138,15,35,25,11,72
39,43057,1,266,213,2,44,0,2,5
54,83151,0,747,407,28,100,120,74,18
50,78825,0,895,483,74,114,169,37,18
38,65104,1,1053,738,0,232,13,20,50
40,60093,1,735,502,12,109,16,6,90
45,14045,1,20,11,0,5,2,1,1
62,28457,0,205,24,1,108,29,29,14
56,78952,1,2092,1170,19,594,99,76,134
38,46310,1,309,185,2,88,15,5,14
59,76005,0,1722,983,20,389,240,50,40
50,58308,1,900,691,0,69,10,0,130
70,55614,0,682,504,13,131,8,0,26
52,59432,1,663,317,25,265,25,19,12
36,55563,1,43,29,1,9,2,0,2
43,78642,1,1816,1396,0,322,46,35,17
65,67911,1,976,529,0,356,63,28,0
70,65275,0,746,388,14,218,91,14,21
64,27203,2,64,13,2,21,4,0,24
53,48330,1,32,28,0,4,0,0,0
24,24279,0,263,16,36,21,20,62,108
29,64355,1,1445,1047,0,140,67,38,153
58,50943,1,46,31,0,7,2,0,6
61,53653,0,1210,815,10,239,28,10,108
38,65665,1,945,225,162,387,106,36,29
25,81217,0,1157,493,70,324,146,40,84
22,34935,0,137,34,4,66,3,10,20
55,61250,1,730,382,138,65,60,26,59
33,39665,1,216,127,1,56,0,1,31
35,60152,1,943,325,83,300,86,58,91
50,48920,2,347,238,17,68,8,10,6
55,89120,0,1924,1168,92,408,72,129,55
68,44124,1,397,284,0,55,0,6,52
39,81169,0,2089,1288,20,613,80,61,27
53,36443,2,138,65,0,46,4,3,20
24,26095,1,42,11,7,9,3,1,11
55,71367,0,777,227,23,389,42,21,75
70,80184,0,1902,1035,134,670,25,38,0
49,30630,2,52,27,1,12,2,0,10
27,73454,0,1651,982,73,351,56,14,175
23,42691,0,358,179,2,64,38,17,58
61,70503,0,1727,1379,33,216,0,33,66
27,25545,1,210,32,1,64,16,12,85
28,32880,1,42,8,4,15,7,6,2
56,77863,0,1291,881,38,319,16,25,12
37,50353,0,442,141,15,153,67,31,35
50,61839,0,1895,1000,155,379,224,17,120
54,49154,2,411,206,10,67,30,27,71
39,47682,1,521,162,61,83,97,57,61
45,72679,1,1168,619,54,260,127,54,54
37,57954,2,493,456,4,24,0,0,9
52,65316,2,260,112,6,92,3,9,38
32,28567,1,46,11,3,22,2,2,6
63,47352,1,319,172,12,112,8,0,15
47,44931,1,96,78,0,11,0,0,7
47,76982,0,1062,464,151,292,65,60,30
62,57247,1,232,99,4,32,37,54,6
33,22944,1,76,19,3,19,4,5,26
37,25315,1,54,1,9,8,11,3,22
45,43638,1,201,63,10,83,7,19,19
30,42710,1,406,252,3,42,4,3,102
32,84169,0,1919,1478,19,403,0,19,0
38,54058,1,662,198,18,252,32,108,54
24,24683,1,41,8,4,10,6,7,6
50,85620,0,1600,416,46,925,60,107,46
34,47850,1,134,42,7,43,20,12,10
46,19514,2,69,14,3,21,2,1,28
41,27159,2,21,17,0,3,0,0,1
51,39548,2,54,15,4,10,3,4,18
25,21474,1,91,6,16,24,11,0,34
43,60504,1,526,458,0,24,6,4,34
51,22419,0,162,30,3,47,19,21,42
65,81698,0,1008,179,28,520,111,123,47
62,43462,2,240,90,17,97,15,6,15
36,54880,1,795,308,85,137,102,45,118
32,79908,0,1772,557,129,761,29,185,111
44,15315,0,64,7,4,13,15,8,17
55,87771,1,1957,1492,38,287,50,57,33
36,33039,1,78,30,8,12,8,8,12
34,81741,0,1572,249,153,940,58,134,38
43,71499,1,795,465,25,132,136,0,37
44,62466,1,889,129,129,259,168,121,83
51,48799,1,331,174,18,81,28,6,24
64,52157,1,265,189,2,29,3,2,40
52,66565,1,1065,747,10,161,65,40,42
63,29298,2,11,6,0,2,2,0,1
35,47691,1,21,14,0,3,0,0,4
44,38200,2,17,12,0,4,0,0,1
40,44989,1,369,98,0,106,49,10,106
46,38443,2,38,32,0,5,0,0,1
36,38593,1,177,51,12,49,17,24,24
44,64413,1,279,200,5,44,0,10,20
33,36959,1,62,25,6,25,6,0,0
37,61996,1,1230,1050,12,144,0,0,24
46,51287,2,182,117,0,22,13,0,30
44,13260,2,49,9,4,17,10,2,7
48,47472,2,75,56,0,11,0,0,8
58,54603,2,227,145,13,46,17,2,4
40,45207,2,215,203,0,10,0,0,2
63,40689,1,444,270,3,27,39,6,99
47,47821,2,47,9,0,16,6,6,10
63,27450,0,143,37,12,23,8,11,52
31,39453,1,55,46,0,7,0,0,2
43,26850,2,63,31,1,13,7,2,9
59,79800,0,1867,1060,21,530,32,0,224
53,61794,1,611,264,47,188,54,47,11
59,53863,1,473,399,4,30,6,4,30
55,24221,0,55,8,9,9,2,5,22
30,39684,1,81,19,0,35,6,4,17
39,92163,0,2086,817,183,797,106,163,20
49,69882,0,1478,292,127,635,132,127,165
37,33178,1,49,12,6,2,11,2,16
42,59973,0,382,130,30,168,20,34,0
39,17459,1,69,6,4,16,3,10,30
45,23910,1,67,16,12,18,7,1,13
45,42169,2,30,19,0,9,0,0,2
36,26224,1,63,4,7,15,13,9,15
33,31089,1,79,31,3,31,2,8,4
53,30081,1,42,36,0,2,0,0,4
54,62807,1,819,526,28,135,10,21,99
59,72906,0,1151,400,32,519,71,75,54
66,61467,2,594,410,16,114,0,5,49
48,49618,2,129,80,3,26,4,2,14
28,21888,1,213,88,10,46,2,3,64
41,42429,1,67,55,0,6,2,0,4
58,26150,3,28,5,1,13,3,5,1
39,30801,1,45,8,4,5,15,2,11
49,81168,0,1193,410,0,592,147,22,22
45,26877,0,268,101,13,76,20,18,40
70,45006,0,266,162,25,53,16,0,10
41,18978,1,37,2,8,1,4,7,15
47,22574,3,37,25,0,8,2,0,2
45,48240,0,882,389,91,248,64,49,41
40,45837,2,373,215,13,87,17,17,24
49,35791,3,35,27,0,5,0,0,3
36,54162,2,42,5,6,10,6,5,10
54,30522,1,326,179,8,83,19,11,26
53,54456,1,404,352,0,27,10,0,15
43,31632,0,95,17,8,12,11,15,32
65,72298,0,939,625,35,169,58,17,35
36,36975,1,33,10,6,11,0,4,2
59,72635,0,981,390,22,323,104,35,107
38,13624,1,36,10,2,15,2,1,6
39,84196,1,1237,215,63,507,231,31,190
54,70971,1,1825,1001,17,572,93,125,17
37,34487,2,103,19,18,33,24,1,8
37,28769,1,191,41,5,129,10,3,3
44,69084,1,1586,1181,107,199,39,30,30
56,65488,0,963,603,45,207,36,18,54
44,62466,1,889,129,129,259,168,121,83
54,32218,0,93,10,24,15,13,1,30
41,83917,0,1587,514,22,732,42,198,79
52,46102,3,16,14,0,1,0,0,1
62,84574,0,1375,387,20,713,38,54,163
52,56181,1,393,121,103,69,8,44,48
64,63120,1,1477,965,69,279,54,41,69
43,73691,1,1179,707,21,250,85,43,73
54,63381,1,1005,571,50,142,33,50,159
66,76140,0,1348,586,66,653,17,0,26
55,62859,1,1307,1063,89,102,16,12,25
50,45906,1,486,305,3,27,4,3,144
67,77632,0,2252,1200,105,758,0,42,147
43,46463,2,235,163,2,40,8,11,11
44,105471,0,1724,1009,181,104,202,21,207
44,55282,1,235,125,6,73,8,4,19
37,78710,1,1092,721,0,152,119,50,50
56,66886,1,599,315,4,62,41,31,146
54,98777,0,2008,1000,19,711,125,115,38
29,29103,1,48,16,0,17,6,3,6
40,67445,1,1174,757,80,217,29,80,11
64,50616,1,67,30,2,25,0,1,9
59,49431,1,365,219,3,100,26,0,17
61,61278,1,165,111,3,28,2,6,15
56,26490,0,210,45,47,52,21,20,25
67,73059,1,1095,410,112,420,0,82,71
48,46734,3,223,100,1,39,6,1,76
51,56253,1,597,509,0,65,7,11,5
29,19986,1,22,3,6,5,0,2,6
39,58330,1,1064,445,53,213,104,98,151
34,25965,0,74,2,2,11,41,7,11
58,14661,0,26,4,1,11,6,2,2
55,18690,0,60,6,1,7,23,4,19
40,45068,1,20,14,0,3,0,0,3
27,21063,1,59,1,10,11,19,3,15
46,29187,1,34,26,0,6,0,0,2
43,54690,2,198,111,16,37,7,9,18
50,59304,1,1048,418,61,428,80,51,10
52,59247,2,574,327,9,122,19,14,83
44,66731,1,1029,371,159,194,58,106,141
34,77353,1,670,275,59,107,69,101,59
39,52614,1,990,789,0,142,12,9,38
40,26751,2,11,1,1,5,0,3,1
51,81300,1,1241,1004,12,145,32,12,36
35,70337,0,576,187,81,149,25,43,91
29,36145,1,172,56,4,76,17,1,18
34,65295,0,664,365,32,117,34,110,6
51,68118,1,928,595,23,123,10,23,154
47,68743,0,2074,1132,134,384,175,134,115
32,41039,0,467,34,11,137,179,61,45
59,38946,1,257,116,6,82,6,6,41
47,65777,0,1146,565,32,435,28,32,54
38,66476,1,689,372,18,126,47,48,78
42,86857,0,2114,899,102,838,133,102,40
25,77845,0,1346,760,40,480,0,40,26
45,69476,0,1044,260,86,559,63,9,67
54,50611,1,493,459,0,24,6,0,4
44,61209,0,957,466,0,224,119,49,99
56,42315,1,270,67,15,80,17,11,80
62,13084,0,29,2,0,7,3,7,10
65,47570,2,121,67,1,20,0,2,31
53,61923,2,126,92,4,18,3,3,6
19,34824,0,23,4,2,11,2,0,4
65,26518,2,57,20,1,28,3,3,2
53,45938,0,636,273,11,178,62,83,29
54,78468,0,1004,434,22,388,104,22,34
41,78901,1,734,321,11,309,33,26,34
36,71427,2,614,212,123,177,15,64,23
36,71022,1,1453,909,12,278,0,12,242
26,90247,0,1621,1184,32,352,21,16,16
46,41335,1,187,112,19,21,16,14,5
28,71952,1,1443,656,80,455,52,107,93
44,35682,1,57,23,0,8,6,2,18
63,43185,1,637,537,6,42,16,6,30
66,66375,1,948,712,0,45,0,0,191
43,35178,1,59,23,1,13,2,2,18
28,25252,1,18,1,3,4,2,2,6
49,55250,1,903,664,58,83,32,0,66
39,33249,1,112,6,10,21,19,14,42
61,58398,0,596,299,5,201,21,21,49
32,50272,1,233,99,13,66,43,8,4
39,76618,0,1511,749,40,294,121,160,147
54,87305,0,1152,345,25,501,63,138,80
36,25851,1,48,9,4,18,7,5,5
44,58710,1,1185,440,81,368,0,122,174
56,45160,2,21,8,2,5,3,0,3
49,74806,1,965,670,9,249,0,28,9
60,59111,0,869,524,0,134,28,28,155
30,18988,1,16,6,0,6,2,1,1
38,7500,1,71,7,0,12,13,7,32
48,44794,1,65,54,0,7,0,0,4
59,80395,0,1380,445,25,706,80,76,48
38,75012,0,1027,294,142,218,164,58,151
49,56962,3,411,292,3,77,10,3,26
23,89891,0,836,412,22,132,59,28,183
65,35946,2,11,8,0,3,0,0,0
61,53593,2,480,349,4,78,6,0,43
36,66373,2,606,328,9,124,12,24,109
66,45072,3,284,144,2,99,7,2,30
41,89694,2,1472,1126,28,211,37,28,42
65,72025,0,1677,967,0,617,43,50,0
41,67432,1,1335,432,79,341,177,136,170
62,70545,1,334,138,39,63,55,18,21
25,17487,1,18,0,0,1,7,4,6
45,62882,1,1338,509,133,497,78,24,97
61,64108,1,1099,948,10,86,13,21,21
58,34941,2,97,39,2,25,4,3,24
64,48767,3,63,28,1,21,3,0,10
36,38702,1,109,13,11,24,13,8,40
50,82224,0,902,307,26,360,138,31,40
62,83844,0,1574,901,31,345,75,31,191
39,17003,1,38,2,5,12,4,8,7
19,71163,0,960,283,17,372,138,106,44
44,33697,1,28,4,3,7,0,3,11
60,63564,0,1215,769,80,252,15,34,65
42,83443,0,1497,518,42,742,55,56,84
56,51518,1,449,350,8,66,17,4,4
39,58330,1,1064,445,53,213,104,98,151
45,80952,0,1757,778,178,689,41,27,44
35,75507,0,1440,709,93,374,104,80,80
36,63855,0,1006,359,35,314,93,116,89
42,62220,1,1226,799,12,375,16,12,12
50,58512,1,1171,895,10,101,13,0,152
35,40662,1,92,40,2,23,0,4,23
55,38829,1,99,76,0,7,0,0,16
33,35523,1,66,11,5,22,12,5,11
47,79146,2,564,245,16,223,21,43,16
26,78285,0,1427,647,107,391,175,67,40
36,31626,1,86,39,1,9,2,1,34
62,75127,0,833,203,35,305,46,17,227
59,48726,1,242,138,3,38,4,0,59
37,74985,0,1869,587,51,898,247,0,86
27,67430,0,1364,595,97,291,127,133,121
49,46891,1,183,43,12,23,29,15,61
58,62058,1,450,301,7,74,10,0,58
35,72063,1,758,180,32,348,76,32,90
63,78939,0,1507,794,115,243,150,0,205
49,42720,2,654,392,5,91,28,26,112
42,33622,2,81,39,1,22,3,4,12
57,6835,1,137,107,2,12,2,2,12
61,41452,2,16,13,0,3,0,0,0
49,40760,1,93,70,0,17,0,0,6
56,74250,0,1158,680,11,392,75,0,0
59,51124,2,43,26,1,11,0,1,4
43,72258,1,1525,522,0,522,227,120,134
40,71466,0,1230,412,12,546,78,182,0
38,36283,2,29,6,5,5,8,0,5
44,20587,1,25,2,3,6,4,1,9
42,30467,1,24,1,3,8,2,5,5
42,31590,1,38,6,2,15,6,6,3
28,20425,1,57,4,12,5,3,16,17
54,17144,2,47,18,2,19,0,2,6
46,42564,1,813,324,48,186,39,18,198
36,43783,1,629,327,9,125,25,4,139
38,40780,1,377,229,27,71,13,3,34
69,62847,0,1612,521,168,706,80,76,61
57,82017,0,729,184,23,446,30,23,23
64,16813,0,50,4,8,11,12,2,13
36,51267,2,270,183,2,64,7,2,12
53,46524,1,177,31,19,35,26,14,52
52,45183,0,315,219,3,60,12,9,12
60,70421,1,767,479,28,136,75,14,35
49,60161,1,1071,584,44,212,46,8,177
41,73926,0,1580,627,91,597,159,91,15
46,19329,1,60,24,1,16,12,2,5
44,61872,1,573,330,5,159,36,27,16
58,46984,2,41,19,1,10,2,1,8
63,34838,2,170,28,23,29,29,14,47
70,82716,0,1167,606,148,228,15,148,22
56,48192,0,1526,1039,43,204,153,58,29
38,49681,2,458,411,0,26,0,0,21
43,56850,1,63,34,1,19,2,7,0
57,55267,1,405,161,28,136,32,3,45
42,59666,2,1027,623,53,178,23,17,133
42,72504,1,1478,604,26,470,123,161,94
33,26872,0,72,3,10,8,3,16,32
42,21359,1,48,12,2,17,6,1,10
39,73170,0,726,184,174,256,50,30,32
59,52750,1,860,393,0,239,90,69,69
28,91820,0,1497,410,73,747,76,161,30
44,65968,1,495,376,9,83,19,4,4
38,30772,2,20,7,2,4,2,1,4
60,22507,0,570,68,0,226,51,157,68
42,65685,1,769,642,14,49,0,7,57
36,25804,1,55,8,7,9,13,6,12
34,76412,0,1808,840,53,804,23,71,17
42,22063,1,55,7,10,13,3,11,11
53,57091,0,577,464,5,64,7,0,37
51,22419,0,162,30,3,47,19,21,42
55,87771,1,1957,1492,38,287,50,57,33
55,78353,1,1576,752,122,476,39,153,34
52,37859,3,36,22,1,8,2,1,2
56,80995,1,1482,860,28,409,73,56,56
30,16529,1,22,3,0,5,13,0,1
38,55412,2,63,10,5,28,11,1,8
22,48789,0,680,351,16,156,7,5,145
47,56575,2,542,421,5,90,0,16,10
34,25130,1,50,2,5,7,0,18,18
47,35441,2,39,25,1,9,2,1,1
58,71391,1,1043,336,123,274,46,123,141
42,49494,1,385,191,9,97,0,6,82
34,81702,0,1633,563,50,774,28,31,187
34,45889,1,46,31,0,6,0,1,8
37,56628,1,761,479,5,82,7,17,171
64,34026,2,76,18,6,15,12,8,17
40,40049,1,290,91,65,52,10,44,28
26,34176,1,89,5,7,24,19,14,20
33,19419,1,70,2,14,28,16,3,7
54,82504,0,1066,362,50,431,134,35,54
44,81205,0,2009,724,74,929,97,55,130
23,61618,0,1345,605,91,399,0,45,205
58,55284,1,764,547,7,140,0,7,63
51,49980,1,195,104,1,54,13,9,14
34,15072,2,53,8,2,15,0,10,18
40,49166,1,368,224,2,25,7,0,110
60,65324,1,544,384,0,102,21,32,5
57,82347,0,1853,556,54,845,202,133,63
48,30843,2,35,24,0,2,0,0,9
40,46374,1,446,408,0,21,0,0,17
35,60474,1,1180,265,199,303,234,9,170
41,38576,1,41,34,0,7,0,0,0
29,55357,2,727,374,64,116,84,25,64
48,37758,2,40,27,2,10,0,0,1
25,85710,0,1062,600,20,350,29,30,33
45,23228,1,40,13,2,18,6,1,0
45,44602,2,292,167,2,89,0,0,34
27,7500,0,15,0,2,3,4,1,5
25,38683,1,341,46,35,69,84,41,66
39,49514,1,369,88,39,78,58,13,93
41,57906,1,401,243,11,119,10,3,15
48,43456,1,393,275,11,68,25,7,7
28,19485,2,10,6,0,4,0,0,0
36,53172,1,486,121,62,90,68,20,125
35,30545,1,69,4,12,15,19,7,12
31,70123,0,1727,1308,0,396,23,0,0
55,62450,1,995,515,47,267,62,66,38
38,21675,1,45,4,0,16,17,4,4
33,42395,2,182,48,13,57,24,15,25
36,61346,1,989,562,58,168,43,16,142
61,80812,0,1677,769,22,500,210,143,33
43,42835,2,595,379,4,93,12,9,98
31,39922,1,156,29,12,59,19,1,36
58,86424,0,1226,387,68,569,89,45,68
36,17117,1,128,12,23,38,30,18,7
42,24762,1,86,6,10,12,3,15,40
39,35797,1,68,27,1,14,4,1,21
39,36627,2,16,9,1,5,0,0,1
33,51111,2,55,22,0,19,6,5,3
42,86857,0,2114,899,102,838,133,102,40
44,82072,0,2018,889,55,685,168,92,129
61,46231,3,263,189,2,55,0,5,12
55,42243,2,55,48,0,2,0,0,5
52,51195,2,564,230,14,156,82,24,58
36,68092,0,1281,852,60,207,78,36,48
41,31814,1,83,35,3,20,4,1,20
49,51390,2,353,205,20,47,23,2,56
31,76630,0,1003,255,31,446,40,56,175
23,26868,1,14,0,0,1,8,3,2
71,48948,0,902,437,8,206,160,49,42
42,55260,1,1139,825,8,53,11,0,242
58,64090,1,797,316,58,161,76,51,135
56,78331,1,1638,756,138,354,160,169,61
40,37087,1,401,194,55,134,15,0,3
28,21846,1,84,7,17,18,6,10,26
56,81320,0,928,183,33,493,59,103,57
44,54137,1,203,171,0,11,0,1,20
47,66825,0,858,243,101,405,29,40,40
41,57100,0,409,181,21,69,39,3,96
45,58917,3,282,151,7,89,0,7,28
37,85072,0,1423,494,92,391,194,11,241
53,86429,0,1449,464,28,873,29,18,37
43,45684,1,28,5,1,5,10,0,7
40,47889,1,67,29,0,29,0,5,4
28,45921,0,199,102,9,49,24,3,12
48,78420,0,1453,604,28,674,91,28,28
22,75114,0,1253,571,12,523,63,60,24
51,52278,1,1198,953,0,71,0,0,174
42,35641,1,178,63,3,67,8,9,28
20,95529,0,1990,770,29,890,250,27,24
60,62820,0,976,398,61,265,138,61,53
54,73113,0,1001,741,19,154,50,9,28
32,84169,0,1919,1478,19,403,0,19,0
60,42607,1,350,156,29,56,30,32,47
60,74637,0,1650,960,64,464,146,0,16
59,46015,2,46,38,0,2,0,0,6
21,72354,0,1228,315,26,473,220,12,182
45,39858,1,95,15,20,25,2,7,26
66,34469,2,62,19,6,20,0,5,12
28,83033,1,1761,812,99,431,237,149,33
35,24401,0,467,73,28,217,10,24,115
36,77583,0,1149,372,23,384,250,12,108
32,74116,0,2052,871,111,704,145,55,166
21,74293,0,1127,375,152,335,93,91,81
38,68397,1,1416,760,80,466,17,13,80
40,79632,0,1113,471,0,510,99,21,12
25,46107,1,125,31,9,27,16,9,33
63,64950,1,966,819,0,72,12,0,63
25,25443,1,32,1,4,3,8,9,7
62,75127,0,833,203,35,305,46,17,227
43,32892,1,46,26,0,15,2,1,2
43,71796,0,960,354,21,311,167,75,32
44,67536,1,1829,1253,0,447,23,71,35
43,55239,1,779,371,17,238,23,24,106
39,60554,1,811,588,7,76,110,15,15
62,64831,2,1120,480,86,249,75,86,144
52,56067,1,725,517,12,54,16,6,120
31,82025,0,1187,267,98,606,48,70,98
61,94384,0,2302,1111,24,790,160,45,172
28,14906,0,66,7,7,14,7,16,15
27,51563,0,1250,1166,0,48,0,0,36
32,57937,1,683,261,42,144,55,48,133
35,68274,2,305,135,25,51,23,25,46
37,39771,1,50,6,2,18,2,8,14
39,67893,1,995,711,28,142,49,18,47
35,27922,1,41,11,0,13,2,4,11
38,52190,2,77,42,0,17,0,0,18
41,44051,2,171,79,7,58,6,3,18
43,42767,2,131,20,6,43,19,5,38
38,46106,2,54,30,0,8,2,0,14
38,16927,2,53,20,2,23,3,1,4
49,59754,1,475,115,27,44,4,146,139
62,53700,1,694,263,5,233,69,41,83
41,59041,2,96,69,2,15,2,2,6
57,54237,1,361,267,3,30,4,0,57
47,70647,1,1079,561,85,171,25,123,114
52,52597,1,578,492,0,37,7,0,42
45,41021,1,64,14,7,9,6,16,12
39,40233,1,149,80,4,46,0,17,2
34,50183,2,231,97,12,84,13,10,15
55,54753,1,728,197,107,227,7,59,131
41,92955,0,1778,693,21,925,31,24,84
41,33471,1,93,43,2,27,0,9,12
40,34596,1,23,14,0,2,0,0,7
34,44010,1,662,186,36,234,86,72,48
26,84219,0,1198,434,137,400,45,137,45
46,40706,3,81,59,0,11,4,2,5
26,15716,1,92,16,5,30,8,7,26
55,59052,1,491,230,35,75,63,57,31
43,80573,0,1564,829,138,430,60,92,15
52,83715,0,926,318,8,407,150,35,8
55,82576,0,1910,1206,55,445,168,18,18
49,56962,3,411,292,3,77,10,3,26
62,35704,2,94,30,9,12,2,11,30
60,53103,1,1085,729,17,133,11,0,195
54,46779,2,23,12,1,3,0,0,7
49,4861,0,6,2,1,1,1,0,1
35,33462,1,54,22,3,18,0,0,11
36,63693,1,1150,587,43,337,42,87,54
64,80763,0,1415,674,168,108,192,42,231
40,65352,1,405,284,3,84,4,7,23
36,82170,0,1908,1023,93,651,49,55,37
45,75759,0,2486,1394,22,708,89,91,182
38,79689,0,1315,311,26,640,180,37,121
58,35340,2,45,27,0,12,0,1,5
60,85683,0,1789,1296,17,311,45,69,51
42,24884,1,19,3,6,7,0,0,3
33,42021,1,573,393,5,136,7,5,27
25,64449,1,805,218,63,282,137,35,70
60,64587,2,108,66,0,16,0,6,20
19,34824,0,23,4,2,11,2,0,4
36,75437,0,1493,795,0,545,95,58,0
57,26091,2,89,15,10,19,8,17,20
41,52845,1,936,384,25,292,130,41,64
58,46086,1,343,244,8,32,7,2,50
58,78028,1,528,158,19,288,25,0,38
27,95169,0,1901,1285,21,449,106,20,20
33,56337,2,724,349,16,144,28,5,182
27,22434,1,58,4,12,11,3,13,15
60,36930,1,297,223,2,31,0,2,39
60,36130,1,488,157,43,127,68,56,37
61,65569,1,859,397,46,288,20,38,70
62,83844,0,1574,901,31,345,75,31,191
46,19514,2,69,14,3,21,2,1,28
51,36736,2,17,10,0,3,0,0,4
35,77568,1,2194,1230,0,396,232,178,158
38,49187,1,116,81,1,31,2,1,0
36,30168,1,279,154,20,66,0,12,27
46,34053,1,103,63,0,21,7,0,12
43,38196,2,44,30,0,11,0,0,3
63,59412,0,406,90,67,165,30,43,11
49,70924,0,1363,635,114,254,132,152,76
45,54165,0,236,127,4,73,15,6,11
41,32300,1,39,13,3,6,6,5,6
38,20180,0,137,18,42,24,15,20,18
41,34961,1,79,45,2,26,4,1,1
40,28440,1,63,38,1,24,0,0,0
48,33564,1,71,61,0,3,0,0,7
36,17345,1,58,4,9,16,17,0,12
47,56320,1,702,201,53,172,116,77,83
36,28647,1,94,19,8,29,0,12,26
27,15038,1,80,4,8,11,19,12,26
56,32173,1,22,18,0,2,0,0,2
50,68316,1,1211,806,80,161,120,11,33
43,74538,0,1461,380,98,733,110,112,28
43,91700,0,1968,576,172,961,125,115,19
45,68695,0,1091,458,81,356,106,50,40
37,31056,1,55,5,10,13,3,8,16
41,79593,0,1366,350,60,568,110,133,145
34,28071,0,313,39,33,130,41,26,44
56,37334,2,62,26,1,16,2,2,15
42,46423,2,92,68,0,16,0,0,8
43,37126,1,72,45,3,9,4,4,7
61,47703,1,655,359,0,134,13,26,123
55,61180,1,704,403,24,29,6,24,218
60,38998,2,54,34,1,14,0,0,5
23,8028,0,178,73,18,66,7,12,2
52,76081,0,1033,292,30,415,63,33,200
28,34728,1,36,14,0,16,0,0,6
49,33168,1,122,80,1,37,0,1,3
48,33585,1,122,30,11,33,13,6,29
54,77037,1,1123,463,96,333,168,53,10
30,35196,1,497,75,12,141,43,39,187
48,44529,1,691,538,13,91,17,6,26
49,70924,0,1363,635,114,254,132,152,76
48,28764,2,12,8,0,3,0,0,1
65,69098,0,2440,1315,22,780,145,0,178
44,25959,2,56,4,2,12,7,5,26
31,27100,1,37,12,0,13,2,0,10
29,70596,0,968,347,44,534,17,0,26
40,42557,1,270,192,5,53,0,5,15
63,53312,0,278,241,0,12,0,0,25
62,72228,0,1250,631,28,491,30,14,56
27,67605,0,938,336,28,282,184,54,54
65,62845,2,1178,1099,0,45,0,0,34
56,65196,2,1155,743,19,181,12,0,200
27,42000,0,653,124,83,267,85,59,35
41,35860,2,49,15,0,8,4,2,20
50,65526,1,506,397,19,69,12,0,9
53,16860,2,38,10,4,4,3,3,14
22,83528,0,1650,530,117,678,134,44,147
49,64176,1,1826,1215,33,249,64,116,149
58,22304,0,18,3,2,7,0,4,2
36,67023,0,906,444,44,382,11,8,17
43,32892,1,46,26,0,15,2,1,2
48,70713,1,1477,736,114,279,82,76,190
59,59925,1,766,473,21,176,19,21,56
61,39722,1,47,32,0,5,2,0,8
56,46610,0,467,288,10,30,4,10,125
53,88347,0,2116,1050,178,555,77,138,118
33,87171,0,1298,1001,44,107,58,44,44
38,26907,2,22,9,1,7,0,3,2
46,50014,1,396,234,14,77,19,10,42
36,41014,1,20,7,2,6,2,0,3
49,66294,0,967,251,108,334,65,92,117
43,36715,1,357,172,10,125,21,13,16
58,79456,0,1401,565,42,548,64,83,99
32,40479,1,15,5,0,8,2,0,0
44,75345,0,2087,918,57,842,99,38,133
37,54233,1,981,652,8,158,21,0,142
44,24163,2,17,4,1,7,2,1,2
56,84460,0,523,152,27,103,106,54,81
31,43776,1,23,8,0,9,2,1,3
56,71691,0,1192,336,130,411,240,32,43
41,85844,0,1958,938,19,843,25,95,38
40,39190,1,133,68,8,18,19,8,12
55,71367,0,777,227,23,389,42,21,75
42,38578,2,73,38,4,22,3,3,3
49,57236,2,121,105,0,9,2,1,4
35,61825,1,424,162,50,100,55,30,27
56,79803,1,868,574,8,216,21,16,33
28,80910,0,756,160,80,369,67,39,41
32,27590,1,12,6,0,5,0,0,1
35,56775,1,937,614,35,160,58,35,35
39,83829,0,1862,897,161,430,186,161,27
35,54210,1,367,70,54,109,80,9,45
28,38508,1,443,120,19,206,25,19,54
44,53187,1,267,211,2,30,7,7,10
42,30023,1,61,11,0,16,7,6,21
54,76045,0,1323,760,53,400,17,93,0
62,50870,1,63,53,0,8,0,0,2
44,15315,0,64,7,4,13,15,8,17
40,65463,1,562,391,32,70,21,32,16
49,66480,2,312,199,9,57,20,21,6
60,76773,0,1156,516,56,449,86,33,16
31,81698,0,1104,709,45,115,30,160,45
41,54466,2,16,12,0,4,0,0,0
54,98777,0,2008,1000,19,711,125,115,38
30,16269,1,44,19,3,18,3,1,0
43,71819,1,1574,1224,28,140,0,14,168
31,33569,1,63,16,2,18,3,0,24
31,36262,0,426,88,39,54,64,28,153
48,22634,0,96,2,23,11,8,6,46
36,47025,1,635,508,11,59,23,5,29
46,70566,1,757,381,28,215,84,28,21
35,31605,1,125,74,0,42,2,1,6
41,52034,2,332,146,0,93,7,13,73
35,48526,1,135,23,17,23,43,20,9
60,46734,1,330,110,5,137,26,23,29
52,39552,2,384,165,3,147,4,24,41
48,86358,2,1722,957,47,494,82,47,95
37,46931,3,78,41,0,17,3,1,16
29,16581,0,24,1,3,4,2,3,11
62,63998,0,1168,176,29,818,0,33,112
63,67381,1,957,815,8,53,11,0,70
47,25930,2,15,6,1,2,2,0,4
36,42693,1,57,8,4,20,6,3,16
38,85606,1,1956,717,42,864,219,30,84
29,72903,0,2013,1067,138,750,0,19,39
40,49669,1,326,166,5,107,11,8,29
46,36778,2,77,29,4,34,2,4,4
52,85696,0,1313,714,76,395,116,0,12
25,10979,0,30,8,4,10,2,2,4
53,49678,1,315,229,5,56,3,2,20
61,56129,1,660,320,48,133,39,72,48
25,37155,1,74,23,0,26,7,15,3
36,21282,1,46,1,5,8,4,8,20
52,33419,1,86,56,0,12,0,0,18
69,63285,0,1103,508,124,249,50,38,134
40,21255,1,61,29,0,25,2,2,3
33,42162,1,145,46,7,59,2,4,27
58,54450,2,684,454,0,171,8,19,32
60,57744,1,411,350,3,39,0,0,19
28,26576,1,27,10,0,8,0,0,9
71,57513,0,1060,735,40,183,52,20,30
50,68142,1,1459,897,126,196,91,112,37
35,7500,1,18,5,2,3,3,0,5
40,83145,0,1833,777,35,731,39,137,114
54,54197,1,237,162,6,37,6,13,13
51,23091,2,48,35,0,11,0,0,2
38,46049,2,515,342,9,112,19,14,19
40,56715,0,1020,258,105,239,237,172,9
53,79410,0,1370,658,80,483,123,13,13
63,57304,1,1026,356,80,329,138,17,106
49,44375,1,301,213,5,28,7,7,41
58,54450,2,684,454,0,171,8,19,32
49,59594,1,499,457,4,29,0,0,9
20,80685,0,1004,241,45,604,34,26,54
40,40344,1,218,210,0,6,0,0,2
42,62710,1,606,441,35,83,7,29,11
46,48985,1,75,19,13,18,10,7,8
46,35322,3,106,28,9,37,12,7,13
66,77142,0,990,476,75,162,29,151,97
45,81657,0,1097,364,40,425,158,60,50
18,14421,0,16,0,0,2,3,3,8
40,20130,0,34,0,6,3,7,6,12
24,74214,0,1711,863,83,547,86,99,33
57,66726,2,438,349,7,35,0,0,47
35,23724,1,75,5,23,15,0,18,14
54,47353,1,225,184,2,19,8,8,4
62,33444,2,18,8,0,8,0,0,2
33,54386,1,470,277,21,64,62,21,25
33,28510,2,91,44,5,19,0,4,19
23,90638,0,2525,1156,120,915,94,144,96
64,48070,1,504,373,14,83,6,9,19
57,43140,1,235,134,8,76,6,0,11
53,54959,1,1232,1148,0,60,0,0,24
56,15056,2,88,6,12,3,21,6,40
43,26954,1,17,4,1,11,0,0,1
29,22327,1,24,5,4,8,2,0,5
49,44393,2,60,24,2,20,2,2,10
62,62000,1,1020,899,0,101,0,0,20
52,31497,1,155,108,1,28,13,1,4
40,45894,2,51,27,2,7,0,2,13
44,78579,0,1812,816,66,549,216,66,99
45,67369,1,1461,1298,0,70,37,14,42
54,58401,1,96,10,0,11,17,29,29
62,62307,1,160,87,13,34,10,6,10
45,43641,2,139,57,2,51,4,2,23
46,63841,1,908,635,15,100,20,7,131
49,46891,1,183,43,12,23,29,15,61
45,70091,1,1161,964,34,137,15,0,11
42,78075,0,988,572,8,259,34,35,80
53,59184,1,1072,341,142,113,259,151,66
37,54809,2,174,63,6,57,13,13,22
55,58113,1,758,221,104,169,102,78,84
56,51412,1,195,140,3,29,4,5,14
35,15287,1,31,1,2,8,4,3,13
57,66636,0,1084,291,10,689,84,10,0
58,50965,1,685,544,13,85,8,6,29
49,84618,0,1672,684,100,801,21,66,0
24,18351,0,43,1,12,9,0,14,7
57,40451,2,49,35,0,4,0,0,10
49,36317,1,133,87,3,25,3,2,13
57,42213,1,363,309,3,24,4,3,20
59,65748,1,545,172,73,93,95,78,34
42,77044,1,1065,625,38,242,50,34,76
45,74918,0,2047,972,59,913,25,19,59
42,56721,2,296,157,6,39,6,13,75
39,42160,2,140,48,9,45,3,15,20
49,61559,1,530,279,83,88,32,14,34
51,33629,2,152,132,0,16,0,0,4
23,68682,0,1598,919,0,505,99,30,45
51,34377,1,114,62,0,22,3,1,26
28,8940,1,101,1,45,3,4,6,42
41,26228,1,25,2,6,4,3,1,9
57,77297,0,789,408,61,109,48,122,41
33,40211,2,87,51,1,7,2,1,25
56,33438,2,90,62,1,16,3,2,6
55,75032,1,1215,952,12,180,47,12,12
59,61284,0,811,618,15,106,20,7,45
28,22518,1,61,11,7,12,2,2,27
39,54730,1,405,318,3,17,4,7,56
59,38452,2,72,56,0,14,0,0,2
43,44421,2,189,110,5,59,7,1,7
28,38197,1,40,23,0,11,2,1,3
36,41986,1,63,27,5,8,8,3,12
31,28427,1,52,18,3,19,3,3,6
38,37395,1,39,18,0,9,0,1,11
43,64722,1,805,303,0,280,60,147,15
58,55249,1,130,97,1,19,2,0,11
42,84906,0,1631,997,15,414,99,30,76
25,28691,1,34,5,4,13,8,0,4
62,44213,2,152,95,11,35,0,4,7
30,25707,1,21,1,6,2,3,6,3
47,59062,3,71,46,1,12,3,0,9
52,76624,1,899,411,106,147,54,115,66
67,66000,0,711,244,51,270,101,0,45
36,27683,1,351,152,9,121,12,12,45
43,1730,0,8,1,1,3,1,1,1
22,7500,1,119,10,17,18,8,26,40
46,40521,2,21,12,0,5,0,0,4
41,20427,1,10,5,0,4,0,0,1
39,65106,1,973,790,19,133,12,0,19
49,69969,0,1536,882,29,514,38,29,44
62,67433,2,992,615,28,259,12,48,30
47,77766,1,1529,1004,59,265,115,59,27
42,74716,1,860,133,27,421,13,195,71
51,68118,1,928,595,23,123,10,23,154
44,55158,2,418,293,0,87,4,11,23
59,62972,1,587,313,15,47,20,0,192
39,74190,1,641,151,81,86,168,91,64
38,39356,2,23,15,0,2,0,0,6
45,76653,0,2279,736,63,946,219,189,126
41,35860,2,49,15,0,8,4,2,20
31,90687,0,1779,982,17,672,23,34,51
32,73450,0,1804,1142,51,415,90,69,37
54,31454,2,48,28,0,11,0,0,9
62,47139,2,83,46,0,12,0,2,23
39,83829,0,1862,897,161,430,186,161,27
51,53378,2,793,489,6,152,8,6,132
44,19656,1,84,25,4,9,6,8,32
66,45579,1,183,145,1,33,2,1,1
56,85485,0,1383,630,26,611,44,18,54
70,55956,0,999,760,38,104,50,9,38
51,64191,1,825,420,15,186,151,38,15
42,38808,1,246,125,17,52,3,19,30
48,57183,2,610,464,5,64,7,0,70
46,23748,1,76,6,6,29,12,15,8
43,66303,1,1286,1090,12,96,16,12,60
39,37368,1,30,3,2,11,2,2,10
50,40800,3,99,24,0,27,8,30,10
36,71847,0,1192,737,21,106,55,63,210
39,46149,1,362,254,6,71,4,0,27
31,78687,0,2130,817,185,687,145,55,241
43,49118,0,1229,620,54,239,99,98,119
57,37633,2,38,13,4,20,0,0,1
63,39767,0,485,113,61,204,34,26,47
63,26997,0,434,7,23,78,133,49,144
44,33986,1,44,16,2,18,2,1,5
42,57091,1,496,462,0,24,6,0,4
45,46831,2,78,22,2,10,6,4,34
42,83151,0,2346,968,147,842,137,42,210
43,52531,0,794,283,112,151,51,72,125
58,15759,0,17,1,2,5,6,0,3
43,22804,1,26,14,1,7,2,1,1
41,43050,1,76,30,5,24,6,3,8
37,42997,2,15,4,0,5,0,1,5
51,48918,2,62,52,0,9,0,0,1
60,60033,1,198,62,1,57,19,11,48
36,34043,1,49,20,2,14,3,0,10
48,57811,1,802,545,7,114,37,21,78
68,78569,0,1736,558,79,622,207,175,95
36,7500,2,57,6,5,4,13,4,25
61,94384,0,2302,1111,24,790,160,45,172
29,23148,0,37,4,6,8,6,3,10
44,44267,2,310,183,5,65,3,5,49
35,71626,0,1305,546,72,376,94,145,72
48,60894,1,832,606,7,155,10,0,54
38,50200,2,401,266,6,51,8,6,64
49,81051,0,1501,1142,29,249,38,29,14
32,65169,0,1189,1074,0,69,0,0,46
42,59868,1,1194,771,51,154,54,10,154
54,65695,1,656,371,32,189,0,58,6
58,64857,0,1540,556,14,717,210,0,43
49,45143,1,311,202,5,74,11,5,14
59,74805,1,820,209,162,209,41,162,37
25,59060,1,274,35,40,111,36,40,12
52,27238,2,57,37,0,17,0,0,3
49,47009,1,448,171,45,73,59,10,90
41,46094,2,44,12,2,20,3,2,5
42,40321,2,102,44,4,21,6,0,27
30,37235,1,61,20,2,9,4,6,20
54,81843,0,1643,779,86,537,34,69,138
56,46692,1,397,170,6,97,24,12,88
46,77382,1,1121,491,48,231,112,105,134
37,37774,2,473,173,8,107,7,2,176
40,18393,1,50,7,10,13,16,0,4
52,72828,1,1678,1205,0,235,19,14,205
32,24711,0,58,10,7,25,6,3,7
39,45503,1,170,97,4,44,6,1,18
69,71604,0,1196,345,53,528,98,75,97
35,27244,1,101,6,5,17,3,24,46
45,48752,2,316,73,57,100,71,15,0
52,71434,1,1400,711,36,217,172,96,168
66,90842,0,1424,774,70,118,182,187,93
36,88097,1,844,163,0,480,0,126,75
39,51948,1,311,82,33,54,71,30,41
32,71853,0,1149,358,108,413,141,97,32
31,35876,0,129,66,2,40,4,3,14
62,40049,1,32,13,6,7,0,3,3
32,39660,1,299,139,13,78,20,13,36
52,50127,1,320,274,0,21,4,6,15
37,43263,1,441,262,6,61,0,10,102
65,62845,2,1178,1099,0,45,0,0,34
24,18929,0,85,32,0,8,23,4,18
32,24367,1,24,2,4,2,0,11,5
39,33249,1,112,6,10,21,19,14,42
55,26887,1,30,6,7,4,3,4,6
31,50150,0,410,135,46,92,65,61,11
38,62061,1,800,641,7,84,0,30,38
52,85696,0,1313,714,76,395,116,0,12
58,76542,0,1483,794,73,573,0,29,14
21,70515,0,1258,420,0,452,182,64,140
27,18227,1,28,1,2,7,4,3,11
49,69139,1,227,86,12,75,33,15,6
32,69109,0,1555,823,25,459,124,29,95
52,69627,1,861,231,161,215,171,30,53
36,38136,1,103,8,15,27,0,20,33
68,62159,0,634,182,17,259,77,70,29
51,80695,0,1918,557,129,984,193,37,18
43,33316,2,131,79,1,31,4,4,12
46,58554,2,586,368,24,68,38,0,88
22,17256,1,62,6,4,14,8,8,22
40,53034,2,447,160,15,196,15,11,50
64,52203,0,939,488,21,238,56,108,28
37,59601,1,797,691,7,69,0,7,23
56,75154,1,1143,543,10,205,160,143,82
38,47025,1,415,254,7,108,20,0,26
41,37971,1,30,5,4,10,2,2,7
46,41335,1,187,112,19,21,16,14,5
56,67267,1,251,134,11,59,15,2,30
39,57338,1,237,143,6,52,11,8,17
54,50523,2,91,51,4,24,4,7,1
49,35791,3,35,27,0,5,0,0,3
54,50611,1,493,459,0,24,6,0,4
45,56242,1,971,689,8,167,11,8,88
54,48904,1,371,283,10,38,0,13,27
39,56243,3,396,347,0,35,4,3,7
29,21355,1,68,5,13,14,0,5,31
43,57420,1,322,280,0,18,0,0,24
59,46390,1,222,95,14,64,2,9,38
58,54342,2,177,84,10,34,11,10,28
41,20895,1,45,18,3,17,3,0,4
66,92344,0,1899,992,24,694,51,19,119
38,26907,2,22,9,1,7,0,3,2
34,44964,2,41,19,1,17,2,0,2
35,75507,0,1440,709,93,374,104,80,80
42,53761,2,325,158,0,76,13,7,71
41,22682,1,95,10,14,29,4,2,36
42,38887,1,42,25,1,13,0,0,3
39,41658,2,72,8,4,12,15,4,29
42,29791,1,20,14,0,6,0,0,0
58,63915,2,789,622,7,115,30,0,15
40,39996,2,15,11,0,3,0,0,1
42,26759,1,59,25,3,16,8,5,2
46,63841,1,908,635,15,100,20,7,131
45,51039,2,417,100,64,79,65,0,109
53,60544,2,289,201,2,43,3,5,35
42,65685,1,769,642,14,49,0,7,57
61,37716,1,188,97,1,41,6,2,41
57,36864,1,354,204,5,39,17,0,89
44,44511,1,727,513,7,133,46,14,14
47,36947,2,146,88,3,21,4,1,29
63,47352,1,319,172,12,112,8,0,15
61,67087,1,794,329,35,222,130,35,43
64,57045,1,454,296,13,104,11,13,17
61,36957,2,152,100,2,16,2,1,31
37,69389,1,797,422,7,238,69,46,15
42,80134,1,1690,1218,16,272,104,0,80
45,43142,2,20,5,1,7,2,1,4
70,80589,0,1428,507,93,520,242,40,26
24,34412,1,209,52,12,50,4,36,55
35,57537,1,545,191,56,139,51,8,100
48,22634,0,96,2,23,11,8,6,46
66,51315,0,222,68,28,39,16,30,41
42,36026,3,61,20,4,10,6,4,17
41,24639,2,44,20,3,16,0,4,1
42,34578,3,8,7,0,1,0,0,0
48,63810,1,1371,977,12,253,16,12,101
45,54132,1,42,30,1,8,0,0,3
55,18690,0,60,6,1,7,23,4,19
44,28164,1,78,3,18,26,11,8,12
40,34596,1,23,14,0,2,0,0,7
42,43269,1,19,10,1,7,0,0,1
56,38741,2,61,7,10,17,8,6,13
42,31907,0,449,33,87,64,175,16,74
31,27100,1,37,12,0,13,2,0,10
41,31163,1,38,2,3,10,11,2,10
29,92533,0,1131,693,21,118,110,147,42
41,34853,2,34,9,3,15,2,3,2
47,70844,2,294,129,26,67,3,67,2
35,31086,2,48,16,2,11,3,0,16
53,60544,2,289,201,2,43,3,5,35
28,20491,0,30,5,4,5,4,2,10
50,42523,0,125,14,36,11,3,26,35
31,39922,1,156,29,12,59,19,1,36
62,33402,2,70,26,2,19,10,5,8
65,36408,2,22,9,1,4,3,2,3
35,21645,1,65,14,0,23,4,5,19
66,78427,0,1930,972,19,595,180,26,138
68,82657,0,2283,966,168,672,246,105,126
56,51876,0,310,99,27,102,28,48,6
43,78041,0,1319,482,35,553,72,160,17
57,52852,1,879,714,8,99,11,0,47
32,70038,0,1244,587,54,348,71,54,130
41,69401,1,690,399,27,159,58,8,39
42,46053,1,209,56,10,92,19,7,25
49,77343,0,1134,227,151,573,98,54,31
61,73892,0,1507,703,102,601,0,58,43
47,40304,1,57,37,0,17,0,0,3
49,32727,0,529,167,13,180,86,13,70
45,68695,0,1091,458,81,356,106,50,40
43,43300,1,180,91,3,52,2,1,31
42,26290,2,77,15,8,16,11,5,22
44,93790,0,2349,1302,68,731,89,114,45
40,38410,0,534,153,64,123,116,64,14
64,64866,1,556,508,5,21,7,5,10
55,57957,1,637,290,59,177,77,5,29
59,46015,2,46,38,0,2,0,0,6
36,16531,1,44,2,13,6,7,5,11
28,28072,1,47,30,0,10,2,0,5
51,49476,1,795,386,23,95,54,41,196
61,50725,1,586,443,10,75,0,10,48
62,83844,0,1574,901,31,345,75,31,191
64,41145,2,13,9,0,3,0,0,1
44,67419,1,1471,846,84,352,91,56,42
44,23162,2,65,8,3,9,19,4,22
37,34380,1,175,72,7,58,13,1,24
48,34704,1,40,29,0,5,0,1,5
45,94871,2,1078,169,24,553,188,0,144
56,65148,1,1115,460,35,422,33,12,153
60,39898,1,134,69,8,26,12,7,12
58,64857,0,1540,556,14,717,210,0,43
44,59892,1,87,73,0,13,0,1,0
27,41020,0,217,112,1,54,7,7,36
53,57072,1,1034,944,0,60,0,0,30
35,60474,1,1180,265,199,303,234,9,170
54,62807,1,819,526,28,135,10,21,99
33,19414,1,32,2,3,12,3,5,7
34,19107,1,46,2,4,9,10,5,16
38,75484,1,1159,378,97,259,197,194,34
38,70379,1,860,553,25,142,65,67,8
44,79419,0,1631,751,127,687,20,15,31
68,64014,3,444,406,0,30,0,0,8
59,76998,1,1910,1449,89,161,69,35,107
42,49854,1,380,123,17,171,39,0,30
43,60585,2,736,267,42,309,55,42,21
64,42873,2,269,209,0,40,3,2,15
26,87679,0,2524,1259,172,815,97,148,33
36,57867,1,612,344,35,178,15,23,17
24,35765,1,75,22,3,30,0,5,15
55,65492,0,1045,247,161,295,210,85,47
37,32952,1,55,38,0,12,3,1,1
45,53374,1,1064,896,10,101,13,10,34
55,71706,1,1443,931,56,253,91,98,14
26,68487,0,1366,758,12,385,33,89,89
39,53253,2,436,216,9,57,20,9,125
41,31163,1,38,2,3,10,11,2,10
37,42014,1,436,244,15,108,4,15,50
41,54108,2,747,539,6,91,8,6,97
59,49667,0,1396,1181,26,120,17,13,39
40,63206,0,928,750,8,125,11,8,26
42,57136,2,642,306,5,109,21,109,92
39,46772,1,1048,350,104,189,197,151,57
43,78931,0,943,331,197,170,58,152,35
56,53977,1,907,620,16,165,0,24,82
26,84219,0,1198,434,137,400,45,137,45
39,46098,2,120,57,0,27,0,0,36
49,73538,1,1658,811,76,428,99,137,107
28,79529,0,1638,423,42,706,73,197,197
37,20981,0,73,2,12,10,6,13,30
34,51766,1,275,60,51,87,6,20,51
52,55759,1,854,675,0,85,10,7,77
36,33039,1,78,30,8,12,8,8,12
42,37787,1,106,40,1,40,4,3,18
44,27242,1,106,3,17,26,20,1,39
31,87188,0,1923,910,111,724,49,74,55
43,69930,0,1662,252,98,827,219,70,196
38,37697,1,84,34,6,21,11,4,8
41,37401,1,48,19,3,19,3,1,3
41,3502,1,5,2,1,1,0,0,1
38,58597,2,733,490,0,184,10,28,21
66,82032,0,1234,332,194,377,149,125,57
56,28087,2,112,53,8,17,13,0,21
27,74004,0,1658,784,48,560,42,176,48
54,19740,1,55,7,11,3,10,4,20
39,57036,1,1513,1171,43,219,19,14,47
56,53083,2,271,215,7,33,3,0,13
39,69283,1,904,674,62,134,0,26,8
39,46098,2,120,57,0,27,0,0,36
26,23331,1,103,5,36,7,0,10,45
26,23331,1,269,104,20,101,24,15,5
25,9255,1,22,9,0,7,2,0,4
55,67786,0,1156,431,82,441,80,20,102
43,71969,1,1086,1000,0,76,0,0,10
47,59235,1,1128,448,40,469,80,0,91
25,31928,1,72,33,4,24,4,2,5
53,74881,2,964,505,72,270,36,27,54
36,65819,0,1383,267,38,701,149,165,63
61,51411,3,18,14,0,3,0,0,1
50,51983,1,793,631,0,115,10,7,30
28,42386,1,100,65,4,16,0,4,11
27,30390,0,80,10,12,12,25,1,20
51,30983,0,167,51,4,50,12,1,49
57,66033,1,677,293,35,179,46,59,65
39,37284,2,23,11,1,2,2,1,6
63,57530,1,92,50,1,27,6,7,1
49,76800,0,641,173,26,255,35,71,81
58,63943,1,1106,423,184,368,13,97,21
52,76081,0,1033,292,30,415,63,33,200
40,67445,1,1174,757,80,217,29,80,11
47,37054,2,25,12,1,6,0,1,5
52,47175,2,240,167,2,44,6,2,19
38,31859,1,20,3,1,3,8,0,5
53,27215,3,102,30,5,22,8,9,28
38,70179,1,1034,532,88,168,69,44,133
31,39922,1,156,29,12,59,19,1,36
38,49681,2,458,411,0,26,0,0,21
26,24645,1,17,5,3,4,4,1,0
60,79865,1,792,71,99,278,185,121,38
29,44322,1,92,46,0,40,3,0,3
62,47958,1,407,268,11,88,15,3,22
50,63972,1,1269,928,63,254,0,12,12
60,75315,1,841,459,15,171,142,23,31
64,55517,2,633,483,0,108,0,6,36
68,82800,0,1315,1006,22,115,59,68,45
60,38998,2,54,34,1,14,0,0,5
23,90638,0,2525,1156,120,915,94,144,96
28,27161,1,52,7,4,23,7,0,11
37,42014,1,436,244,15,108,4,15,50
54,38201,1,268,233,0,23,0,0,12
32,45203,2,147,35,3,67,10,8,24
67,81574,0,1798,1252,0,465,46,35,0
22,34935,0,137,34,4,66,3,10,20
38,60482,1,507,255,43,134,37,14,24
58,34633,3,15,8,1,5,0,0,1
67,78093,0,1105,368,32,639,13,43,10
64,82460,0,974,255,47,573,52,32,15
48,45903,1,66,33,8,10,2,10,3
27,81361,0,778,163,23,424,27,65,76
41,35860,2,49,15,0,8,4,2,20
62,40442,2,169,45,12,52,25,22,13
49,61482,0,299,48,58,68,16,66,43
34,34968,1,221,158,6,45,8,2,2
27,75794,0,1682,754,160,625,63,32,48
52,31497,1,155,108,1,28,13,1,4
59,74268,0,892,199,66,315,97,174,41
26,13724,1,58,2,7,5,2,15,27
49,45143,1,311,202,5,74,11,5,14
47,52569,1,95,85,0,3,0,0,7
41,48432,1,424,322,3,50,4,3,42
54,17144,2,47,18,2,19,0,2,6
30,36108,1,339,141,8,129,3,11,47
43,76445,1,1410,739,107,309,140,80,35
39,36663,1,35,18,0,6,3,3,5
49,53843,1,562,378,0,88,19,4,73
58,90226,0,2352,1083,108,649,253,151,108
59,70638,0,1334,1016,12,215,16,12,63
54,44512,2,32,23,1,6,0,0,2
53,27116,2,41,12,1,21,2,2,3
51,54072,2,39,35,0,4,0,0,0
37,71855,1,1141,548,31,422,0,112,28
24,51250,1,710,342,32,230,34,32,40
41,60432,1,401,365,3,15,4,3,11
50,65526,1,506,397,19,69,12,0,9
26,68655,0,1538,456,19,832,75,118,38
36,12393,0,57,5,6,15,11,7,13
24,64509,0,1722,836,185,575,24,25,77
39,33955,1,270,100,2,128,23,7,10
37,31353,2,31,10,0,10,3,1,7
30,55434,1,882,238,115,215,169,69,76
31,28359,1,16,6,0,5,2,1,2
27,57100,1,311,158,11,99,15,11,17
49,69139,1,227,86,12,75,33,15,6
58,52973,1,1152,856,0,76,12,9,199
49,51717,1,122,98,1,17,0,1,5
43,18793,1,77,4,16,20,0,17,20
32,66664,0,1289,398,96,447,220,96,32
55,50664,2,561,313,8,104,6,4,126
51,54414,2,211,109,18,16,24,26,18
62,54549,1,233,216,2,6,0,0,9
43,47111,1,1092,595,71,153,120,112,41
51,41003,0,601,123,133,142,71,44,88
32,19444,1,54,16,0,23,3,2,10
38,36301,1,78,11,12,35,3,5,12
67,73059,1,1095,410,112,420,0,82,71
45,42731,1,244,159,2,51,6,2,24
55,52854,2,116,105,0,10,0,1,0
36,22775,1,15,5,1,8,0,0,1
66,46681,2,425,269,15,69,15,19,38
59,59821,1,734,629,0,70,0,0,35
60,50002,1,638,443,5,71,21,16,82
69,69755,0,894,217,77,373,111,23,93
45,44078,2,41,24,1,10,2,0,4
38,30560,1,31,9,1,5,4,5,7
45,35924,2,34,8,0,14,2,3,7
50,64140,2,1750,1459,0,61,0,15,215
33,56386,2,612,230,48,214,13,32,75
35,24594,1,29,1,3,6,10,0,9
33,75774,1,823,340,21,134,258,14,56
54,39228,0,20,7,1,6,0,3,3
40,58494,1,396,298,7,68,4,0,19
33,58684,0,813,479,35,179,28,7,85
47,57136,0,1179,267,140,599,34,12,127
64,56551,2,138,67,4,32,17,2,16
32,22448,1,55,3,1,8,23,2,18
53,82014,0,1511,980,37,265,35,163,31
51,34213,2,117,50,4,28,6,3,26
67,25358,1,32,19,0,5,0,0,8
36,35544,1,67,30,5,23,4,1,4
60,36634,1,335,213,9,76,4,3,30
60,62670,1,825,539,30,92,80,46,38
42,50334,1,694,284,16,160,84,16,134
33,72066,0,1792,1003,34,536,134,51,34
56,50729,2,496,239,13,143,45,4,52
46,34916,2,231,51,23,82,33,0,42
38,64892,1,902,527,24,230,32,24,65
48,43602,2,68,19,5,12,10,3,19
25,33996,0,71,40,2,15,8,0,6
29,41473,1,76,21,8,20,15,3,9
47,63246,2,772,593,30,91,29,22,7
55,36732,2,47,21,5,3,10,1,7
44,69084,1,1586,1181,107,199,39,30,30
47,77766,1,1529,1004,59,265,115,59,27
29,37929,0,265,202,2,46,3,2,10
63,86610,0,1603,446,107,768,33,196,53
28,80141,0,2091,1184,102,673,52,40,40
59,72635,0,981,390,22,323,104,35,107
44,69016,1,1533,726,53,363,123,107,161
23,20193,0,82,8,8,22,24,11,9
39,27573,1,244,50,15,110,39,15,15
35,15862,1,36,1,1,4,11,9,10
38,49544,1,404,308,0,73,0,0,23
34,33228,1,71,22,2,31,7,4,5
36,70440,0,1572,690,117,499,76,102,88
43,38232,2,122,43,5,28,7,6,33
59,22554,2,41,27,0,10,0,0,4
31,23536,1,10,6,0,3,0,0,1
62,49413,1,304,205,7,41,3,2,46
45,42231,2,37,24,0,8,0,1,4
34,78789,0,1754,667,50,850,21,83,83
46,56534,1,815,691,7,61,10,0,46
43,58350,1,1001,493,26,206,116,80,80
25,81217,0,1157,493,70,324,146,40,84
63,49090,1,688,494,5,82,7,0,100
27,61787,0,1319,621,73,414,78,48,85
29,18169,1,21,9,0,5,0,0,7
33,24336,1,31,1,6,2,8,2,12
24,18222,0,67,12,4,19,12,6,14
62,62335,1,708,243,131,217,85,6,26
43,42033,2,25,11,1,4,2,0,7
31,86580,0,746,532,21,127,26,20,20
57,41437,2,32,29,0,2,0,0,1
63,73705,2,1695,612,91,520,258,107,107
38,61064,1,1080,387,126,342,0,45,180
59,38452,2,72,56,0,14,0,0,2
25,18358,1,57,6,8,19,16,4,4
41,55012,1,660,582,0,65,0,0,13
41,9722,1,103,6,17,16,6,16,42
30,38175,1,153,70,6,69,2,3,3
58,58656,1,1220,962,12,194,16,24,12
49,52117,1,279,112,10,107,30,0,20
36,64813,1,745,293,0,124,179,97,52
41,54222,1,264,199,12,31,3,12,7
28,83512,0,2157,1060,61,835,80,20,101
55,77520,1,1526,940,44,396,0,88,58
36,41154,1,69,44,2,11,2,3,7
48,80398,0,1597,342,51,936,207,35,26
22,18746,1,64,2,10,11,12,9,20
30,35196,1,497,75,12,141,43,39,187
58,60230,1,1067,520,20,367,39,81,40
37,22108,2,31,5,3,9,6,2,6
40,44392,2,211,87,5,71,7,12,29
38,55424,1,877,462,61,184,10,53,107
35,17688,1,11,2,2,1,3,1,2
31,92491,0,2034,979,44,935,29,25,22
23,90273,0,1991,704,129,853,120,74,111
52,82571,0,1686,861,31,558,62,95,79
32,38513,1,324,172,3,115,16,0,18
35,16653,1,69,5,7,31,15,4,7
59,42586,2,252,194,2,56,0,0,0
49,23529,1,54,9,7,13,3,2,20
53,74881,2,964,505,72,270,36,27,54
63,71107,1,1327,533,10,217,198,174,195
50,46910,2,68,48,0,14,0,0,6
55,18690,0,60,6,1,7,23,4,19
59,37244,2,55,18,2,10,0,0,25
48,82427,0,1456,482,147,509,104,107,107
56,75342,1,563,204,97,97,21,118,26
60,70044,1,1504,1073,0,250,153,14,14
47,79146,2,564,245,16,223,21,43,16
51,77437,0,1125,560,21,442,29,44,29
55,54984,1,358,173,13,131,32,3,6
43,42403,1,42,22,1,11,0,5,3
50,55761,1,184,136,1,12,0,3,32
31,37292,1,460,275,0,86,10,23,66
69,45576,0,145,56,19,29,2,14,25
67,70321,0,1376,303,23,751,82,26,191
45,58086,1,792,708,7,62,0,0,15
62,81795,0,1382,324,132,693,27,118,88
67,28389,0,28,1,5,3,7,4,8
68,66835,0,1033,620,26,195,34,17,141
45,69901,1,882,312,21,206,102,92,149
65,80360,0,2231,1493,86,454,112,43,43
53,63342,1,1101,918,21,118,13,10,21
40,44989,1,369,98,0,106,49,10,106
34,31859,1,48,3,4,7,15,8,11
65,51569,1,467,380,0,47,6,0,34
43,30372,2,44,15,0,12,7,3,7
35,16014,2,38,3,9,4,7,8,7
46,41120,2,81,24,2,23,0,8,24
43,39763,1,167,80,1,60,4,6,16
59,38725,2,45,31,0,6,2,1,5
42,77981,1,664,138,120,204,16,126,60
50,62905,1,622,166,75,96,119,107,59
35,13533,1,48,12,3,8,8,0,17
39,59481,1,461,178,3,85,71,66,58
37,72117,1,1073,707,20,171,65,60,50
28,21955,1,55,5,1,7,17,14,11
58,67131,1,976,465,71,250,93,35,62
34,36802,1,20,16,1,2,0,0,1
32,71853,0,1149,358,108,413,141,97,32
53,28249,0,43,1,9,7,2,14,10
39,47808,1,224,123,1,26,2,0,72
40,25509,1,101,40,3,30,10,7,11
68,51012,0,209,102,9,63,2,9,24
29,70596,0,968,347,44,534,17,0,26
62,85431,0,1165,376,53,462,168,53,53
47,42664,1,24,21,0,3,0,0,0
59,42586,2,252,194,2,56,0,0,0
29,29760,1,165,64,4,68,7,5,17
37,28973,0,269,206,0,46,3,2,12
41,39435,1,102,71,0,18,0,0,13
30,65370,0,461,71,22,112,138,89,29
35,20194,1,47,0,4,7,11,10,15
38,42473,2,144,93,1,21,0,4,25
46,64590,0,1338,920,138,168,36,46,30
55,71232,1,917,653,17,170,34,26,17
43,34600,2,318,199,33,60,8,3,15
47,46904,2,253,153,4,56,0,9,31
41,49094,1,502,376,0,38,11,8,69
31,36075,1,119,46,0,30,12,1,30
35,60839,2,1250,600,21,128,223,150,128
35,77298,1,969,425,115,292,23,35,79
64,34026,2,76,18,6,15,12,8,17
51,48918,2,62,52,0,9,0,0,1
52,82122,0,1382,734,22,350,151,25,100
38,37697,1,84,34,6,21,11,4,8
62,34074,2,255,135,1,41,10,1,67
54,28520,2,43,11,0,10,0,2,20
59,62535,1,398,163,48,90,0,45,52
37,36273,1,76,29,3,30,3,2,9
50,63404,2,902,734,26,70,11,44,17
33,75774,1,823,340,21,134,258,14,56
38,78416,1,1179,453,38,279,188,38,183
40,75702,1,1921,1073,0,629,145,37,37
63,59385,2,185,135,0,10,0,4,36
48,37070,2,433,231,7,137,4,15,39
63,44689,2,34,18,0,5,0,0,11
56,53977,1,907,620,16,165,0,24,82
50,18701,2,44,12,4,2,10,6,10
58,90369,0,1588,292,51,981,224,23,17
40,63159,0,1797,965,34,586,89,86,37
48,37758,2,40,27,2,10,0,0,1
51,46757,1,1143,777,30,163,0,51,122
45,79734,0,914,572,8,232,23,62,17
22,63207,0,1502,438,169,565,91,169,70
60,72071,1,1338,531,69,300,150,138,150
31,21840,1,27,17,0,9,0,0,1
32,58582,1,763,402,35,106,101,77,42
63,72282,0,1331,503,27,419,90,139,153
58,50387,2,525,369,9,87,12,14,34
53,32583,2,9,5,0,3,0,0,1
52,62568,1,953,362,17,398,80,35,61
43,44635,2,68,56,0,9,0,0,3
43,33316,2,131,79,1,31,4,4,12
46,63967,1,882,387,84,141,73,35,162
36,52513,0,1149,367,17,241,104,188,232
45,25293,1,37,15,0,11,0,2,9
49,54111,1,388,267,6,54,8,3,50
28,78394,0,1428,298,27,697,216,24,166
56,80739,0,1633,674,92,736,39,0,92
39,22669,1,173,16,14,36,37,22,48
27,29236,1,99,37,4,24,16,9,9
55,44911,1,215,159,0,22,2,1,31
52,54693,1,929,686,17,142,23,26,35
40,48186,1,219,97,3,66,12,7,34
37,54809,2,174,63,6,57,13,13,22
36,41580,2,92,56,5,24,4,0,3
44,80336,0,1052,209,19,456,160,142,66
57,47743,1,275,198,2,43,0,12,20
59,62972,1,587,313,15,47,20,0,192
60,57333,1,1662,941,14,397,76,58,176
32,32313,1,159,86,4,56,2,4,7
61,84953,0,1024,167,48,602,63,72,72
46,27071,1,35,8,3,19,0,2,3
57,68148,0,1042,389,66,408,37,57,85
49,65735,2,395,239,7,119,4,15,11
39,86836,0,557,179,21,273,0,21,63
51,4023,2,9,5,0,1,1,1,1
24,30093,0,69,2,6,28,13,4,16
48,57705,1,486,383,0,53,6,4,40
26,25008,1,34,2,8,8,6,1,9
19,83257,0,1365,536,27,590,38,107,67
39,22280,1,13,2,1,4,3,1,2
36,72159,0,1401,322,53,899,34,40,53
53,64260,0,1574,539,169,816,20,0,30
30,82733,0,1323,712,50,420,65,38,38
43,74290,1,1217,1121,0,72,0,12,12
63,58217,3,103,68,1,13,3,5,13
38,21024,0,84,36,4,18,6,2,18
42,70116,0,1536,707,44,603,95,58,29
29,54006,1,581,174,77,203,6,24,97
48,69063,1,928,666,35,124,69,8,26
39,11448,0,14,0,0,0,6,2,6
35,61825,1,424,162,50,100,55,30,27
43,70886,1,960,407,70,239,103,88,53
32,69109,0,1555,823,25,459,124,29,95
41,60208,2,656,488,23,71,15,0,59
46,32889,2,55,28,0,13,4,2,8
30,34738,1,20,3,2,10,3,0,2
43,30538,1,367,284,0,52,8,3,20
37,82326,0,2257,938,142,754,159,81,183
47,26642,1,42,13,2,15,2,2,8
50,69932,1,1049,412,172,153,150,105,57
42,44503,2,48,31,1,8,0,0,8
66,60200,1,685,502,19,132,0,6,26
62,49638,1,39,18,10,3,3,5,0
27,23830,0,43,1,8,6,4,8,16
55,33051,0,835,100,71,243,108,94,219
56,72905,0,1515,407,114,445,181,165,203
63,69702,1,1039,664,9,240,50,19,57
39,70300,1,1596,1045,61,338,60,46,46
30,70643,0,1828,1218,107,304,23,143,33
45,30396,1,34,15,0,6,0,1,12
46,50616,1,149,128,0,16,0,1,4
45,62772,1,946,581,49,157,43,8,108
29,30298,0,28,6,3,12,6,1,0
30,52413,1,450,185,8,133,56,56,12
57,44155,2,46,22,1,9,0,0,14
43,86979,0,1702,584,100,835,65,83,35
39,76532,2,820,355,30,177,90,138,30
32,42081,1,382,175,10,110,54,6,27
26,67546,0,2126,864,134,768,150,38,172
25,88420,0,2069,957,153,612,99,95,153
29,31158,1,72,25,6,16,20,0,5
46,61671,1,732,641,7,56,0,0,28
40,69719,0,801,273,86,208,177,14,43
65,49160,1,236,122,21,43,25,10,15
36,24882,1,80,1,4,10,29,0,36
60,90933,0,1685,1020,31,430,62,63,79
64,59292,1,507,378,14,68,19,14,14
50,45759,2,68,42,1,18,3,0,4
31,22148,0,49,15,5,14,0,4,11
27,73395,0,397,272,7,80,20,7,11
43,29819,1,39,9,1,24,2,1,2
46,45688,1,306,279,0,18,0,0,9
60,62820,0,976,398,61,265,138,61,53
43,60491,1,1028,637,47,237,12,19,76
28,33235,1,70,45,0,16,2,1,6
55,35701,0,46,21,1,9,7,3,5
34,31535,1,51,15,4,13,0,0,19
54,92556,0,1263,493,183,352,184,23,28
44,67384,1,1490,957,40,175,158,53,107
43,80573,0,1564,829,138,430,60,92,15
47,77870,1,1815,1017,50,500,65,50,133
51,52278,1,1198,953,0,71,0,0,174
46,57107,1,416,159,0,120,0,0,137
24,18929,0,85,32,0,8,23,4,18
33,36038,1,47,23,0,15,0,2,7
38,20180,0,137,18,42,24,15,20,18
49,34230,2,21,15,0,4,0,0,2
37,31878,1,70,23,4,5,10,5,23
42,70932,1,909,200,193,100,46,185,185
58,91249,0,1676,1324,27,119,71,108,27
71,77598,0,1735,1193,33,281,129,66,33
55,80982,2,1191,505,137,401,104,22,22
37,22701,1,24,2,4,9,0,4,5
45,55212,1,1182,1103,0,45,0,0,34
44,70617,0,1280,353,61,753,40,46,27
57,64849,0,1336,652,48,350,94,84,108
49,62694,2,749,379,6,157,25,91,91
40,61917,2,91,46,4,36,2,2,1
67,67472,1,414,162,31,127,8,17,69
32,21059,1,44,8,3,19,3,3,8
46,29543,2,63,17,3,18,3,4,18
63,75903,1,901,340,108,185,130,38,100
39,34984,2,38,8,4,15,3,5,3
58,54998,1,455,154,22,202,39,30,8
65,54356,1,775,710,15,30,20,0,0
55,34242,1,15,8,2,4,0,0,1
41,25410,1,38,2,2,4,13,13,4
30,73356,0,1512,1050,14,322,0,14,112
64,28320,1,43,19,1,14,3,2,4
37,23763,1,42,22,0,6,6,2,6
30,72570,0,1089,274,83,216,151,141,224
38,34529,1,162,68,6,38,3,6,41
63,70792,0,1272,344,45,654,104,11,114
32,63211,0,1173,145,193,459,205,26,145
40,83891,1,816,217,38,350,111,85,15
46,36065,2,74,18,7,34,10,2,3
60,39898,1,134,69,8,26,12,7,12
74,51141,0,157,144,0,7,0,0,6
38,56939,1,561,256,34,103,90,29,49
63,80872,0,1336,483,72,567,94,12,108
38,72335,0,2092,1285,105,653,28,21,0
50,61798,0,463,338,4,89,11,8,13
64,76842,0,1130,605,10,345,84,54,32
38,29478,1,20,8,0,7,3,1,1
58,46998,1,377,172,41,86,45,6,27
24,96843,0,1544,448,71,951,40,17,17
64,56551,2,138,67,4,32,17,2,16
49,70053,1,1012,512,53,98,81,179,89
52,71670,0,1766,1462,16,128,0,0,160
36,44359,2,45,20,0,14,7,3,1
62,40887,2,161,50,4,44,10,10,43
48,48877,1,144,102,1,15,2,0,24
67,74485,0,1734,499,149,815,173,49,49
42,64474,1,823,381,35,172,56,86,93
51,77226,1,1138,631,43,239,128,76,21
65,72643,0,1429,526,80,553,123,94,53
36,85738,0,1371,913,26,376,17,26,13
48,55686,1,982,673,0,199,37,47,26
31,39062,1,44,23,0,9,0,0,12
43,34600,2,318,199,33,60,8,3,15
39,40794,1,434,261,23,73,4,23,50
43,54690,2,198,111,16,37,7,9,18
51,32632,0,576,63,151,137,153,19,53
46,38236,2,88,58,0,18,2,0,10
35,36781,1,63,29,1,17,0,3,13
30,31385,1,27,3,2,12,0,1,9
30,24570,1,193,28,34,62,11,14,44
40,25509,1,101,40,3,30,10,7,11
63,94642,0,2211,879,143,797,106,143,143
52,58646,1,140,62,1,44,6,5,22
39,53201,2,415,280,7,81,20,0,27
57,21994,1,22,9,0,6,3,1,3
36,57113,2,263,182,4,33,0,2,42
23,51373,0,393,83,2,101,64,26,117
28,23477,1,147,38,15,54,3,8,29
58,58116,1,443,228,19,130,4,11,51
51,72968,0,1958,1092,37,592,145,37,55
43,39791,1,174,85,15,27,13,13,21
67,91712,0,2217,1276,24,746,94,29,48
56,94472,1,1691,1017,33,417,108,100,16
54,13672,2,25,6,2,9,2,1,5
34,96547,0,809,448,21,125,52,101,62
39,79205,0,895,504,23,117,179,28,44
39,56559,1,484,226,22,133,41,31,31
41,32644,1,413,239,3,141,0,7,23
34,67506,1,331,90,38,67,33,36,67
44,24206,1,25,7,2,8,3,2,3
47,28420,1,13,4,2,5,2,0,0
44,22979,1,115,16,17,19,20,21,22
48,33279,0,16,10,3,3,0,0,0
42,46423,2,92,68,0,16,0,0,8
37,30368,1,52,35,0,13,2,0,2
44,63684,1,1464,575,80,428,208,93,80
50,41638,1,441,315,0,31,4,0,91
55,68805,1,283,182,2,49,17,13,20
48,65814,1,747,561,14,113,10,14,35
56,71964,0,1870,587,51,932,180,34,86
28,39146,1,165,94,1,33,13,12,12
37,96876,0,1941,908,43,735,40,194,21
33,34445,0,839,228,122,122,208,129,30
56,68281,0,1655,995,112,417,42,48,41
39,37284,2,23,11,1,2,2,1,6
31,36790,0,66,3,3,14,15,21,10
47,27943,2,37,12,1,16,4,1,3
63,22263,2,21,17,0,2,0,0,2
42,30261,3,22,8,0,5,0,3,6
36,28587,1,78,22,4,17,12,10,13
32,43815,1,79,14,10,29,4,7,15
58,48195,2,265,106,27,68,52,7,5
62,77027,1,1175,820,57,242,45,0,11
49,71322,1,1305,753,43,226,69,10,204
35,32765,1,46,13,3,17,7,3,3
49,29672,2,25,9,1,3,0,4,8
61,23272,0,46,19,3,6,4,2,12
65,49912,1,874,520,8,223,32,49,42
29,7500,1,100,5,17,17,13,14,34
67,68117,1,930,618,44,215,0,17,36
59,67225,1,868,315,35,322,46,7,143
38,17649,1,45,15,1,23,0,5,1
39,55914,1,1260,384,60,364,119,101,232
30,40059,1,414,110,29,92,28,10,145
64,60905,1,392,208,17,76,36,17,38
37,75330,2,1109,555,82,257,93,61,61
63,60689,1,639,240,90,216,63,6,24
30,38680,1,79,11,0,36,15,5,12
32,61416,0,1665,848,154,323,201,61,78
23,49767,0,692,202,47,197,55,42,149
33,29009,1,44,6,6,15,10,5,2
35,45057,1,50,37,0,7,3,0,3
43,37150,1,467,167,37,64,49,34,116
44,43020,1,223,45,7,99,4,25,43
55,53154,1,158,129,0,21,0,1,7
41,65308,0,1211,713,0,264,120,80,34
44,76467,1,1575,676,161,426,210,44,58
67,81044,0,1208,450,26,535,73,98,26
63,32871,2,43,22,2,12,0,2,5
39,55801,2,527,367,4,51,6,4,95
55,76320,1,932,526,35,214,69,53,35
59,36927,2,71,51,0,16,0,0,4
61,48794,2,54,25,0,11,3,0,15
49,23478,0,129,28,6,27,12,17,39
41,71128,1,1615,958,159,447,20,0,31
38,70179,1,1034,532,88,168,69,44,133
64,59462,1,1088,724,17,143,0,8,196
45,38361,1,137,39,0,56,20,8,14
32,70038,0,1244,587,54,348,71,54,130
36,42554,2,41,29,1,11,0,0,0
40,67445,1,1174,757,80,217,29,80,11
63,67046,1,993,544,35,133,23,151,107
66,42192,0,100,40,15,15,17,6,7
62,77610,1,1680,1245,33,332,21,33,16
30,31761,1,98,19,1,20,16,14,28
35,34350,1,48,16,3,15,2,1,11
65,54591,1,519,376,4,94,12,9,24
58,71866,1,715,184,178,178,103,39,33
45,25293,1,37,15,0,11,0,2,9
27,42000,0,653,124,83,267,85,59,35
31,69520,0,1455,627,120,414,121,80,93
44,64713,1,602,180,60,241,13,54,54
37,27889,1,26,14,0,4,0,0,8
54,22123,0,102,3,3,24,34,7,31
41,27803,1,176,8,26,46,38,9,49
54,51651,1,433,293,6,23,13,6,92
26,68487,0,1366,758,12,385,33,89,89
45,56796,1,1001,656,38,161,62,47,37
22,87000,0,961,196,25,607,67,17,49
55,79823,1,1518,835,73,380,114,73,43
34,30828,1,56,16,11,15,2,0,12
43,34109,1,22,9,1,5,2,1,4
40,53367,2,400,229,7,140,10,3,11
45,22390,0,26,0,1,4,15,1,5
38,71322,1,350,121,24,124,24,15,42
65,49912,1,874,520,8,223,32,49,42
64,48699,2,40,26,1,10,2,0,1
39,80144,0,1367,240,132,445,250,192,108
58,54252,2,264,178,4,26,8,4,44
38,81929,1,2053,1486,55,278,49,0,185
39,76068,1,1376,1115,12,128,33,12,76
38,53204,2,45,29,0,8,2,0,6
65,67911,1,976,529,0,356,63,28,0
30,14796,1,51,13,3,8,7,4,16
40,78128,1,1264,934,24,230,16,24,36
42,14188,0,75,2,7,11,16,12,27
28,20425,1,57,4,12,5,3,16,17
52,58646,1,140,62,1,44,6,5,22
44,72967,1,497,158,35,179,0,0,125
65,48150,1,266,173,2,39,3,2,47
53,82332,0,2006,830,59,968,51,79,19
59,58275,2,615,189,10,253,56,43,64
33,44953,0,1021,728,17,133,11,8,124
61,34587,2,22,7,2,9,2,0,2
40,43018,1,133,35,4,17,7,6,64
60,45736,1,437,188,3,180,20,3,43
45,66476,1,1013,742,28,152,25,9,57
33,27733,1,57,0,7,5,26,2,17
62,69805,1,1038,750,71,174,13,10,20
52,72217,0,1573,816,42,450,55,56,154
43,25818,1,28,5,2,8,2,2,9
38,37509,1,123,37,5,56,12,8,5
38,25176,2,13,4,0,4,0,0,5
34,43586,1,132,99,2,11,4,0,16
58,53230,1,732,176,72,98,136,21,229
57,50116,2,66,54,0,10,0,0,2
42,84906,0,1631,997,15,414,99,30,76
48,61286,1,608,356,0,107,19,9,117
28,82333,0,1822,1311,0,359,46,89,17
49,65220,0,1282,890,63,292,0,25,12
40,33590,3,8,4,0,2,0,0,2
38,30992,1,43,17,0,14,7,3,2
38,72309,0,1931,960,0,883,50,38,0
34,16005,1,103,1,3,2,20,30,47
57,65487,0,1169,240,67,500,199,0,163
49,58692,1,395,301,11,61,4,7,11
45,40590,2,258,154,0,50,6,11,37
44,20587,1,25,2,3,6,4,1,9
60,62637,1,185,104,12,48,4,12,5
48,29435,2,180,70,3,37,4,2,64
40,19346,1,22,2,0,9,3,6,2
43,35788,2,44,23,2,11,3,1,4
46,36997,2,94,43,4,12,8,0,27
57,23539,0,81,4,24,11,16,1,25
41,65333,1,798,654,7,92,0,15,30
57,78499,0,1334,912,72,170,47,36,97
43,29732,1,38,25,0,8,0,1,4
54,41275,3,61,24,4,22,0,2,9
41,63516,2,300,141,11,114,15,14,5
52,42769,1,88,71,0,13,3,1,0
56,49572,2,54,35,1,16,0,1,1
42,69209,0,1782,496,32,849,229,48,128
38,17148,1,68,9,9,11,13,10,16
45,40590,2,258,154,0,50,6,11,37
38,30560,1,31,9,1,5,4,5,7
31,32146,1,66,26,3,23,4,7,3
50,41713,2,174,77,8,44,10,10,25
39,34176,1,28,11,2,7,4,2,2
59,58482,1,731,576,7,115,19,7,7
49,59686,1,274,89,15,89,34,42,5
50,60896,1,1701,1013,30,399,60,46,153
34,62994,1,312,224,12,48,4,12,12
57,47320,1,414,200,19,111,50,15,19
65,74859,0,1565,570,73,614,133,102,73
22,15253,1,29,1,3,3,8,1,13
40,31560,1,94,62,1,20,4,0,7
60,72071,1,1338,531,69,300,150,138,150
24,91172,0,1092,162,28,818,0,28,56
30,90000,0,1479,675,144,133,94,192,241
33,41967,2,54,23,4,10,0,2,15
49,69263,1,568,492,5,32,13,5,21
44,65706,0,1199,918,10,129,13,0,129
39,60934,1,873,224,155,155,192,93,54
59,65210,1,731,626,0,70,0,7,28
39,79174,0,2043,1074,37,518,193,92,129
47,81380,0,1893,741,68,689,224,68,103
41,48432,1,424,322,3,50,4,3,42
43,52914,1,575,254,10,44,30,10,227
59,38946,1,257,116,6,82,6,6,41
40,26067,1,56,22,2,18,0,2,12
42,44325,1,542,516,0,21,0,0,5
50,42523,0,125,14,36,11,3,26,35
36,26487,1,69,2,8,10,12,14,23
57,53233,1,40,28,0,9,3,0,0
54,67716,1,1016,530,142,217,62,9,56
42,76234,1,907,519,50,167,130,0,41
58,84117,0,1566,611,76,749,59,45,26
57,65487,0,1169,240,67,500,199,0,163
42,25224,1,46,4,9,12,11,2,8
31,89616,0,1644,671,47,655,145,111,15
43,40851,2,59,23,1,7,0,4,24
67,27469,0,17,9,1,2,3,2,0
57,82347,0,1853,556,54,845,202,133,63
57,73803,1,1528,833,80,363,52,26,174
62,8820,2,35,12,0,13,4,2,4
40,43322,0,141,56,7,48,10,2,18
41,55593,1,546,293,8,124,11,4,106
60,50501,2,500,297,0,38,13,0,152
39,37085,2,61,39,1,16,2,0,3
24,16185,1,106,5,11,16,21,8,45
45,57731,1,704,266,21,300,65,8,44
41,48432,1,424,322,3,50,4,3,42
36,73807,1,849,366,124,156,71,78,54
24,18929,0,85,32,0,8,23,4,18
46,35893,2,199,158,0,23,0,0,18
34,61014,1,1147,269,129,495,182,43,29
60,32144,2,54,41,0,10,0,0,3
51,14918,1,43,3,3,3,15,4,15
51,45146,2,53,33,0,5,0,0,15
59,41769,1,521,302,29,131,32,0,27
33,88325,0,1623,519,71,860,93,27,53
64,38054,2,45,23,2,17,2,1,0
19,80617,0,1435,594,51,631,72,55,32
38,5305,1,32,12,4,7,1,3,5
60,36807,2,16,4,2,5,0,0,5
31,28427,1,52,18,3,19,3,3,6
66,82032,0,1234,332,194,377,149,125,57
36,22775,1,15,5,1,8,0,0,1
29,40101,1,415,171,3,129,26,24,62
35,58025,1,470,270,31,88,11,48,22
32,75777,0,1438,712,26,538,69,13,80
35,7500,1,53,2,8,11,3,8,21
51,33562,3,51,21,12,12,0,3,3
44,57642,1,679,580,6,58,8,0,27
46,58554,2,586,368,24,68,38,0,88
35,63777,2,653,457,5,106,15,17,53
52,57967,1,468,229,7,137,4,0,91
42,24434,2,50,3,2,8,20,0,17
30,11012,1,84,24,3,26,7,1,23
44,44802,0,1049,853,10,143,13,10,20
28,26816,0,22,5,1,6,3,4,3
40,34421,1,30,3,3,7,6,2,9
68,64014,3,444,406,0,30,0,0,8
33,56981,0,1241,908,48,217,32,12,24
58,69245,1,843,428,30,214,80,30,61
60,52869,2,172,84,3,61,2,1,21